_id,EKITALDIA/EJERCICIO,HILABETE/MES,ZENBAKIA/CODIGO,LERROA/LINEA,CREDITRANS/CREDITRANS,CREDITRANS F20/CREDITRANS F20,CREDITRANS F50/CREDITRANS F50,GIZATRANS/GIZATRANS,GIZATRANS 20/GIZATRANS 20,GIZATRANS 50/GIZATRANS 50,BBCARD 24/BBCARD 24,BBCARD 48/BBCARD 48,BBCARD 72/BBCARD 72,GAZTE 70/GAZTE 70,GAZTE 70 F20/GAZTE 70 F20,GAZTE 70 F50/GAZTE 70 F50,GORO/GORO,GORO F20/GORO F20,GORO F50/GORO F50,OHIKOA/OCASIONAL,FAMILIA UGARIA/FAMILIA NUMEROSA,6 URTETIK BEHERAKOAK/MENORES DE 6 ANOS,ITSU-MUP-EN GIDARI-LAGUN/ACOMPANANTE INVIDENTE-PMRS,METROA/METRO,T.M MATXURA/PUP AVERIADO,ENPRESA/EMPRESA,GUZTIRA/TOTAL
1,2020,1,A2610,GALDAKAO - UPV/EHU,4924,224,19,341,0,0,0,0,0,1803,138,21,431,21,10,292,0,18,1,0,0,115,8358
2,2020,1,A2611,UGAO MIRABALLES - BASAURI - ETXEBARRI - UPV/EHU,2391,98,2,255,0,0,0,0,0,685,62,12,259,43,0,143,0,14,2,0,0,104,4070
3,2020,1,A3613,BILBAO - UGAO MIRABALLES - OROZKO,16755,318,136,10458,21,0,0,0,0,812,105,39,827,16,3,2739,31,642,25,0,0,579,33506
4,2020,1,A3622,BILBAO - BASAURI - Artunduaga - San Miguel -ZARATAMO,5963,184,71,2579,3,0,0,0,0,191,8,0,169,8,24,922,1,307,1,0,0,185,10616
5,2020,1,A3631,BILBAO - GALDAKAO - LARRABETZU,22186,562,192,6899,6,14,0,0,0,1148,231,49,804,80,57,2507,0,417,12,0,0,760,35924
6,2020,1,A3632,BILBAO - ETXEBARRI - BASAURI - San Miguel (BegoÃ±a),2763,68,32,1272,12,0,0,0,0,128,9,58,79,6,24,339,0,101,1,0,0,280,5172
7,2020,1,A3641,Nerbioi Garaia/Alto Nervion - ARRIGORRIAGA - Hospital Galdakao Ospitalea,26156,479,248,13992,15,2,0,4,0,1007,129,63,1036,127,36,3991,16,688,29,0,0,389,48407
8,2020,1,A3642,BASAURI - Hospital Galdakao Ospitalea (Bengoetxe),11343,173,42,6045,5,0,0,0,0,413,106,106,248,18,12,1005,0,277,17,0,0,217,20027
9,2020,1,A3911,BILBAO - Hospital Galdakao Ospitalea - LEMOA - DURANGO - ELORRIO,30734,1004,226,10161,45,3,0,0,0,3117,435,102,1370,128,131,4566,1,476,32,0,0,427,52958
10,2020,1,A3912,BILBAO - Hospital Galdakao Ospitalea - LEMOA - DURANGO - ERMUA - EIBAR,30767,710,257,10419,35,5,0,0,0,196,257,30,1333,134,62,5110,14,489,16,0,0,459,50293
11,2020,1,A3913,Arrazola - DURANGO,4179,330,30,2466,1,0,0,0,0,774,111,52,236,7,47,902,4,158,3,0,0,36,9336
12,2020,1,A3917,BILBAO - Hospital Galdakao Ospitalea - LEMOA - ZEANURI,20611,504,198,5013,16,0,0,0,0,1419,197,68,1462,154,23,2491,1,369,3,0,0,373,32902
13,2020,1,A3923,BILBAO - DURANGO - ELORRIO (Autopista),30062,1474,360,6946,30,1,0,0,0,222,276,37,1824,255,97,3891,13,370,13,0,0,87,45958
14,2020,1,A3924,ERMUA - DURANGO - UPV/EHU,4037,369,38,121,2,0,0,0,0,1484,162,16,134,24,14,302,0,2,0,0,0,24,6729
15,2020,1,A3925,BILBAO - LEMOA - OTXANDIO - UBIDE,13169,354,49,4198,21,0,0,0,0,999,158,27,822,53,11,1773,0,148,4,0,0,262,22048
16,2020,1,A3926,BILBAO - ERMUA - EIBAR (Autopista),19144,567,187,2498,5,21,0,0,0,1286,99,1,354,17,16,2959,46,224,10,0,0,53,27487
319,2020,4,A3533,GERNIKA LUMO - MENDATA,,,,,,,,,,,,,,,,0,0,0,0,0,0,0,0
17,2020,1,A3927,BILBAO - LEMOA - ZEANURI (Autopista),9349,451,140,1713,10,1,0,0,0,777,85,6,907,171,28,1003,0,236,0,0,0,184,15061
18,2020,1,A3928,ARTEA - ZEBERIO - UGAO MIRABALLES,1020,27,0,725,0,0,0,0,0,4,4,0,4,14,1,167,0,20,0,0,0,13,1999
19,2020,1,A3930,BILBAO - GALDAKAO (Autopista),14724,455,6,2166,3,0,0,0,0,1993,117,0,808,126,7,827,0,155,13,0,0,259,21659
20,2020,1,A3931,GARAI - DURANGO,0,0,0,0,0,0,0,0,0,0,0,0,0,0,0,47,21,0,0,0,0,0,68
21,2020,1,A3932,GALDAKAO - Metro Bolueta,33278,732,88,14102,31,1,0,0,0,23,1,0,16,1,0,1358,1,933,59,16986,0,367,67977
22,2020,1,A3933,BILBAO - DURANGO (Autopista),23008,1157,182,3666,21,1,0,0,0,2068,314,32,1509,202,16,1563,4,239,11,0,0,56,34049
23,2020,1,A3512,BILBAO - LEKEITIO (Autopista),18086,918,223,4641,8,35,,,,1083,166,0,416,60,7,2810,5,219,19,0,0,115,28811
24,2020,1,A3513,BILBAO - Hospital Galdakao Ospitalea - GERNIKA LUMO - EA - LEKEITIO,7409,197,99,3394,,41,,,,579,70,0,323,15,9,1399,38,106,1,0,0,104,13784
25,2020,1,A3514,BILBAO - AMOREBIETA ETXANO - GERNIKA LUMO,35008,1206,104,6500,28,1,2,,,2080,321,0,1934,291,64,3035,5,246,17,0,0,269,51111
26,2020,1,A3515,BILBAO - AMOREBIETA ETXANO - GERNIKA LUMO - BERMEO,50919,1741,246,12894,58,1,,,,3598,520,40,2647,324,58,6038,5,570,25,0,0,336,80020
27,2020,1,A3523,BILBAO - Hospital Galdakao Ospitalea - GERNIKA LUMO - AULESTI - LEKEITIO,5971,185,27,2502,3,13,,,,346,99,1,263,18,12,1076,1,64,7,0,0,34,10622
28,2020,1,A3525,GERNIKA LUMO - AMOREBIETA ETXANO  - UPV/EHU,2527,342,7,70,,,,,,723,38,,116,11,,242,0,1,0,0,0,19,4096
29,2020,1,A3526,MUNGIA - GERNIKA LUMO - IBARRANGELU,1802,171,6,457,,,,,,37,1,,121,,,364,0,33,0,0,0,8,3000
30,2020,1,A3532,GERNIKA LUMO - NABARNIZ,83,15,,11,,,,,,,,,,,,6,0,0,0,0,0,0,115
31,2020,1,A3533,GERNIKA LUMO - MENDATA,30,,,1,,,,,,,,,,,,2,0,0,0,0,0,0,33
32,2020,1,A3534,GERNIKA LUMO - ERRIGOITI,27,3,,5,,,,,,,,,,,,0,0,0,0,0,0,0,35
33,2020,1,A3535,LEKEITIO - AMOROTO,113,8,,7,,,,,,,,,,,,7,0,0,0,0,0,0,135
34,2020,1,A3536,LEKEITIO - MENDEXA,87,1,,45,,,,,,1,,,,,,8,0,0,0,0,0,0,142
35,2020,1,A3538,LEKEITIO-Barainka,6,,,2,,,,,,,,,,,,2,0,0,0,0,0,0,10
36,2020,1,A3915,BILBAO - DURANGO - ONDARROA (Autopista),26607,1043,238,10498,20,51,,,,1456,266,40,685,23,29,5813,8,458,15,0,0,183,47433
320,2020,4,A3534,GERNIKA LUMO - ERRIGOITI,,,,,,,,,,,,,,,,0,0,0,0,0,0,0,0
37,2020,1,A3916,BILBAO - ERMUA - ONDARROA (Autopista),17583,626,120,3936,19,7,,,,1790,266,54,413,33,32,3071,13,294,6,0,0,79,28342
38,2020,1,A3922,MUNITIBAR ARBATZEGI GERRIKAITZ - ZIORTZA BOLIBAR - MARKINA XEMEIN - ETXEBARRIA,179,,,89,,,,,,,,,,,,15,0,0,0,0,0,0,283
39,2020,1,A2312,Zabalburu - UPV/EHU  (Juan de Garay),8238,559,67,44,,,,,,1199,143,1,138,55,1,453,26,0,0,0,0,32,10956
40,2020,1,A2314,BILBAO - Erandiogoikoa - UPV/EHU,14143,1054,75,393,5,,,,,2207,272,21,669,142,7,809,9,109,0,0,0,127,20042
41,2020,1,A2318,Termibus - UPV/EHU (Autopista),20636,1497,160,199,13,,,,,3566,387,16,1199,224,68,1811,3,36,2,0,0,176,29993
42,2020,1,A2321,Santutxu - UPV/EHU (Autopista),6141,440,7,95,,,,,,2101,202,4,612,101,4,302,2,21,0,0,0,110,10142
43,2020,1,A2324,BILBAO - UPV/EHU (Enekuri),5026,356,11,23,1,,,,,603,82,9,60,37,1,256,0,0,0,0,0,14,6479
44,2020,1,A3115,BILBAO - SANTURTZI,28603,752,150,10741,45,4,,,,1165,97,3,1213,200,32,4085,21,1547,66,0,0,2020,50744
45,2020,1,A3122,BILBAO - SESTAO - Errepelega/Repelega,12656,360,121,4095,26,1,,,,278,59,13,388,33,12,1542,5,930,37,0,0,759,21315
46,2020,1,A3129,Lutxana - Gurutzeta/Cruces - SANTURTZI,53794,1526,343,21184,65,43,1,,,2325,322,74,2136,158,46,7997,16,2999,51,0,0,4343,97423
47,2020,1,A3135,SESTAO - Cabieces,29593,580,76,14351,54,16,,,,1086,34,50,572,31,100,4231,13,1967,34,0,0,2246,55034
48,2020,1,A3136,BILBAO - BARAKALDO - SANTURTZI,50521,1330,443,18083,39,14,,,,2127,213,20,2323,276,156,7359,94,2899,80,0,0,3932,89909
49,2020,1,A3137,BILBAO - BARAKALDO,20045,397,81,6738,148,2,1,,,745,18,5,829,87,10,2216,7,1113,26,0,0,1719,34187
50,2020,1,A3141,Gurutzeta/Cruces - Bagatza - VALLE DE TRAPAGA TRAPAGARAN,19993,502,73,9346,31,3,,,,1332,77,6,789,79,,2723,2,1159,29,0,0,1976,38120
51,2020,1,A3144,BILBAO - Gurutzeta/Cruces - BARAKALDO (Ugarte),34074,1134,268,7433,38,3,,,,1400,101,8,1425,149,28,4133,5,1203,115,0,0,2126,53643
52,2020,1,A3151,BILBAO - SANTURTZI  - PORTUGALETE (Autopista),15971,426,30,1834,9,,,,,378,22,1,205,17,,671,0,324,3,0,0,716,20607
53,2020,1,A3321,PORTUGALETE - ZIERBENA - La Arena - MUSKIZ,9926,269,22,4698,,2,,,,1633,151,32,990,108,32,1963,31,363,6,0,0,313,20539
321,2020,4,A3535,LEKEITIO - AMOROTO,,,,,,,,,,,,,,,,0,0,0,0,0,0,0,0
54,2020,1,A3331,SESTAO - VALLE DE TRAPAGA TRAPAGARAN,3154,33,11,2001,,,,,,83,37,,103,16,,399,0,86,3,0,0,129,6055
55,2020,1,A3332,VALLE DE TRAPAGA TRAPAGARAN - SANTURTZI,14496,347,33,5795,9,4,,,4,1412,77,,969,102,1,1657,0,429,35,0,0,589,25959
56,2020,1,A3333,Gallarta - SANTURTZI,26458,750,111,12707,21,6,,,,2380,116,68,1244,291,29,4013,26,766,30,0,0,1619,50635
57,2020,1,A3335,MUSKIZ - ZIERBENA - SESTAO,8630,151,20,5910,9,4,,,,637,54,2,539,13,4,1911,60,334,3,0,0,682,18963
58,2020,1,A3336,BILBAO - MUSKIZ,38565,1237,234,14718,56,46,1,,,3384,283,27,1883,286,39,6112,27,1297,45,0,0,2670,70910
59,2020,1,A3338,MUSKIZ - BARAKALDO - Areeta/Las Arenas,31269,822,93,12495,14,3,,,,2688,157,4,1530,167,14,4577,32,809,18,0,0,1133,55825
60,2020,1,A3339,Gurutzeta/Cruces-BARAKALDO-La Arena,,,,,,,,,,,,,,,,0,0,0,0,0,0,0,0
61,2020,1,A3340,BILBAO - ABANTO Y CIERVANA ABANTO ZIERBENA - MUSKIZ (Autopista),12008,459,63,3204,36,,,,,1148,75,4,613,74,52,1132,4,160,1,0,0,839,19872
62,2020,1,A3521,BILBAO - Hospital Santa Marina Ospitalea,8862,206,28,3904,2,2,,,,106,3,4,48,2,,458,0,10,11,0,0,263,13909
63,2020,1,A0651,BILBAO - BALMASEDA,40791,1292,404,11977,95,66,0,0,0,3239,536,32,4497,670,124,3594,31,544,27,0,0,657,68576
64,2020,1,A0652,LANESTOSA - BALMASEDA,1950,27,5,1084,0,0,0,0,0,98,45,0,36,0,0,733,23,52,6,0,0,31,4090
65,2020,1,A0653,TRUCIOS TURTZIOZ - ARTZENTALES,140,0,0,306,0,0,0,0,0,0,0,0,0,0,0,413,0,0,0,0,0,0,859
66,2020,1,A0654,BALMASEDA - Gurutzeta/Cruces - UPV/EHU,3840,109,25,1937,0,6,0,0,0,309,10,0,293,86,3,607,10,119,16,0,0,36,7406
67,2020,1,A3323,PORTUGALETE - GALDAMES,2149,59,0,1250,2,0,0,0,0,87,25,0,83,9,0,394,0,30,0,0,0,67,4155
68,2020,1,A3334,SANTURTZI - BALMASEDA,2855,93,30,1271,5,0,0,0,0,337,45,0,79,7,1,551,3,55,5,0,0,71,5408
69,2020,1,A3341,BILBAO - Sodupe - Arespalditza Respaldiza,2549,30,82,1160,0,0,0,0,0,190,3,1,207,4,12,287,7,86,1,0,0,40,4659
70,2020,1,A3342,BILBAO - Sodupe - ARTZINIEGA,13366,547,116,5785,0,2,0,0,0,620,50,25,1293,49,48,1319,23,298,6,0,0,324,23871
71,2020,1,A3343,BILBAO - Sodupe - GORDEXOLA,2721,59,14,1314,0,0,0,0,0,143,27,3,222,17,6,285,4,50,1,0,0,29,4895
72,2020,1,A2151,Areeta/Las Arenas-LARRABETZU,8830,332,54,2083,5,,,,,1322,128,,488,118,,797,2,82,2,,,41,14284
73,2020,1,A2153,BILBAO-LOIU-Lauroeta-DERIO,8503,476,79,1175,56,,,,,484,29,3,3633,27,1,867,5,74,3,,,76,15491
74,2020,1,A2161,Bizkaia Zubia/Puente Bizkaia-UPV/EHU,12126,742,197,3372,28,,,,,2117,303,18,706,127,6,1294,0,303,7,,,382,21728
75,2020,1,A2162,Andra Mari/Santa Maria Getxo-UPV/EHU (Algorta),3475,278,19,335,3,,,,,758,129,,235,8,,343,0,14,0,,,74,5671
76,2020,1,A2163,ERANDIO-UPV/EHU,469,9,4,42,,,,,,161,9,,78,23,,22,0,1,0,,,33,851
77,2020,1,A2164,Andra Mari/Santa Maria Getxo-UPV/EHU (Fadura),885,89,,34,2,,,,,185,42,,48,1,,53,0,14,0,,,14,1367
78,2020,1,A2166,URIBE KOSTA - UPV/EHU,1130,157,10,19,,,,,,381,105,,179,67,,72,0,1,0,,,22,2143
79,2020,1,A2322,BILBAO-ERANDIO-Astrabudua-UPV/EHU,5767,164,13,1523,4,,,,,664,15,,593,56,8,497,1,84,3,,,321,9713
80,2020,1,A3223,BILBAO-LARRABETZU(Artxandako tunelak/Tuneles Artxanda),12218,601,13,1906,7,4,,,,606,82,,443,130,1,931,0,161,8,,,146,17257
81,2020,1,A3224,BILBAO-DERIO-Teknologia parkea/Parque Tecnologico,8388,228,7,1551,2,,,,,521,5,,282,21,1,462,2,28,3,,,199,11700
82,2020,1,A3225,BILBAO-LAUKIZ,2893,239,8,431,,,,,,88,15,0,1090,22,2,394,0,45,2,,,64,5293
83,2020,1,A3247,BILBAO-Aireportua/Aeropuerto,32332,747,73,2999,8,5,6,25,26,233,33,,298,16,23,28275,78,656,14,,,211,66058
84,2020,1,A3248,Astrabudua-erandiogoikoa-SONDIKA,694,13,,255,,,,,,23,,,10,7,,54,0,8,0,,,61,1125
85,2020,1,A3250,BILBAO-Teknologia Parkea/Parque Tecnologico (Artxandako tunelak/Tuneles Artxanda),17908,558,72,932,,,,,,1367,65,,861,32,,714,1,2,0,,,103,22615
86,2020,1,A3516,BILBAO - MUNGIA (Por autopista/tik),29691,1241,243,3992,32,10,,,,1783,253,44,2481,169,119,2244,1,309,8,,,383,43003
87,2020,1,A3517,BILBAO - DERIO - MUNGIA,31199,1016,308,5255,72,4,,,2,1920,279,47,2783,340,66,3416,1,326,14,,,623,47671
88,2020,1,A3518,BILBAO - MUNGIA - BAKIO (Por la autopista/tik),26497,939,132,4762,17,13,,10,12,1065,145,18,1484,83,123,3721,0,455,14,,,386,39876
89,2020,1,A3522,MUNGIA - DERIO - Cruces/Gurutzeta,7010,134,52,1879,33,,,,,310,37,,451,13,24,642,0,88,4,,,174,10851
90,2020,1,A3524,BERMEO - BAKIO,,,,,,,,,,,,,,,,814,0,0,0,,,0,814
91,2020,1,A3527,BILBAO - MUNGIA - BERMEO (Por la autopista/tik),34799,1328,357,6527,29,8,,2,1,2957,236,17,2164,202,87,3350,1,340,8,,,267,52680
92,2020,1,A3528,BERMEO - MUNGIA - DERIO - UPV/EHU,2912,209,83,219,20,,,,2,737,125,14,258,26,2,307,0,3,0,,,12,4929
93,2020,1,A3529,MUNGIA - GAMIZ - FIKA,314,11,,84,,,,,,1,,,33,,,46,0,0,0,,,27,516
94,2020,1,A3530,MUNGIA - MEÃAKA - ARRIETA,125,16,,51,,,,,,10,,,6,,,20,0,0,0,,,4,232
95,2020,1,A3531,SOPELANA - MUNGIA - GATIKA,6618,306,82,2571,5,1,,,,312,23,,471,33,29,1091,0,178,1,,,94,11815
96,2020,1,A3537,PLENTZIA-GORLIZ-MUNGIA,2386,73,9,1012,2,11,,,,162,4,,214,15,,467,0,81,6,,,15,4457
97,2020,2,A2610,GALDAKAO - UPV/EHU,5764,314,12,415,2,0,0,0,0,5351,466,41,1311,102,25,353,0,25,1,0,0,217,14399
98,2020,2,A2611,UGAO MIRABALLES - BASAURI - ETXEBARRI - UPV/EHU,3167,149,9,299,0,0,0,0,0,2281,248,15,603,48,6,166,1,23,2,0,0,180,7197
99,2020,2,A3613,BILBAO - UGAO MIRABALLES - OROZKO,17194,392,149,10341,5,1,0,0,0,1130,77,55,833,39,6,2769,37,778,52,0,0,534,34392
100,2020,2,A3622,BILBAO - BASAURI - Artunduaga - San Miguel -ZARATAMO,6012,197,58,2462,5,0,0,0,0,220,21,0,259,5,3,895,2,240,0,0,0,125,10504
101,2020,2,A3631,BILBAO - GALDAKAO - LARRABETZU,20980,587,137,7043,7,9,0,0,0,1398,251,59,987,73,41,2383,2,469,22,0,0,739,35187
102,2020,2,A3632,BILBAO - ETXEBARRI - BASAURI - San Miguel (BegoÃ±a),2645,81,32,1298,10,1,0,0,0,105,14,55,60,2,38,378,0,106,3,0,0,213,5041
103,2020,2,A3641,Nerbioi Garaia/Alto Nervion - ARRIGORRIAGA - Hospital Galdakao Ospitalea,26227,498,205,13978,8,1,0,0,0,1088,103,70,916,125,17,3585,46,718,28,0,0,371,47984
104,2020,2,A3642,BASAURI - Hospital Galdakao Ospitalea (Bengoetxe),11515,209,37,6335,4,1,0,0,0,376,83,109,240,7,6,973,1,325,20,0,0,229,20470
105,2020,2,A3911,BILBAO - Hospital Galdakao Ospitalea - LEMOA - DURANGO - ELORRIO,31062,1117,181,10672,37,3,0,0,0,3100,531,118,1447,165,71,4674,1,464,24,0,0,375,54042
106,2020,2,A3912,BILBAO - Hospital Galdakao Ospitalea - LEMOA - DURANGO - ERMUA - EIBAR,30998,744,216,10500,31,0,0,0,0,1988,269,41,1274,126,60,5207,10,500,21,0,0,424,52409
107,2020,2,A3913,Arrazola - DURANGO,4462,312,40,2634,0,0,0,0,0,901,144,91,236,31,15,986,1,171,4,0,0,36,10064
108,2020,2,A3917,BILBAO - Hospital Galdakao Ospitalea - LEMOA - ZEANURI,20668,566,265,5187,11,0,0,0,0,1517,190,56,1618,180,17,2525,0,361,4,0,0,418,33583
109,2020,2,A3923,BILBAO - DURANGO - ELORRIO (Autopista),30016,1602,302,7190,24,1,0,0,0,3113,407,53,2235,396,68,4091,8,400,12,0,0,125,50043
110,2020,2,A3924,ERMUA - DURANGO - UPV/EHU,4680,540,14,97,1,0,0,0,0,5307,670,53,298,90,77,347,3,7,0,0,0,45,12229
111,2020,2,A3925,BILBAO - LEMOA - OTXANDIO - UBIDE,13760,420,80,4435,13,1,0,0,0,969,192,46,907,49,16,1677,1,168,3,0,0,255,22992
112,2020,2,A3926,BILBAO - ERMUA - EIBAR (Autopista),18864,691,173,2401,4,47,0,0,0,1825,115,20,414,99,5,2856,61,243,1,0,0,49,27868
113,2020,2,A3927,BILBAO - LEMOA - ZEANURI (Autopista),9339,454,154,1589,2,1,0,0,0,730,77,4,1100,194,31,1062,0,240,1,0,0,174,15152
114,2020,2,A3928,ARTEA - ZEBERIO - UGAO MIRABALLES,1092,30,4,735,0,0,0,0,0,11,7,0,2,4,2,211,0,13,0,0,0,7,2118
115,2020,2,A3930,BILBAO - GALDAKAO (Autopista),15075,445,11,2487,5,0,0,0,0,3866,193,1,1473,172,2,772,0,178,14,0,0,325,25019
116,2020,2,A3931,GARAI - DURANGO,0,0,0,0,0,0,0,0,0,0,0,0,0,0,0,61,15,0,0,0,0,0,76
117,2020,2,A3932,GALDAKAO - Metro Bolueta,30353,799,52,13687,33,2,0,0,0,46,3,1,22,2,1,1101,0,815,50,17900,0,367,65234
118,2020,2,A3933,BILBAO - DURANGO (Autopista),22808,1102,154,3436,26,1,0,0,0,3522,580,39,2194,208,30,1575,5,199,3,0,0,56,35938
119,2020,2,A3512,BILBAO - LEKEITIO (Autopista),19106,961,223,4673,16,54,,,,1182,201,0,427,38,10,2812,6,148,22,0,0,155,30034
120,2020,2,A3513,BILBAO - Hospital Galdakao Ospitalea - GERNIKA LUMO - EA - LEKEITIO,7915,196,31,3707,,45,,,,752,79,0,333,22,29,1492,1,125,2,0,0,90,14819
121,2020,2,A3514,BILBAO - AMOREBIETA ETXANO - GERNIKA LUMO,34321,1201,105,6124,23,4,,,,2906,382,0,2846,400,73,2924,2,260,14,0,0,262,51847
122,2020,2,A3515,BILBAO - AMOREBIETA ETXANO - GERNIKA LUMO - BERMEO,50136,1770,237,12662,40,7,,,4,4075,575,34,3585,377,66,5757,2,553,28,0,0,294,80202
123,2020,2,A3523,BILBAO - Hospital Galdakao Ospitalea - GERNIKA LUMO - AULESTI - LEKEITIO,6459,182,49,2892,,5,,,,593,163,1,278,47,14,1078,1,76,4,0,0,41,11883
124,2020,2,A3525,GERNIKA LUMO - AMOREBIETA ETXANO  - UPV/EHU,2894,308,26,96,,,,,,2838,394,,307,99,0,318,0,2,0,0,0,47,7329
125,2020,2,A3526,MUNGIA - GERNIKA LUMO - IBARRANGELU,2001,162,6,464,,,,,,33,0,,128,1,0,298,0,30,0,0,0,17,3140
126,2020,2,A3532,GERNIKA LUMO - NABARNIZ,68,4,,24,,,,,,,,,,,,3,0,0,0,0,0,0,99
127,2020,2,A3533,GERNIKA LUMO - MENDATA,43,,,,,,,,,,,,,,,2,0,0,0,0,0,0,45
128,2020,2,A3534,GERNIKA LUMO - ERRIGOITI,13,,,1,,,,,,,,,,,,9,0,0,0,0,0,0,23
129,2020,2,A3535,LEKEITIO - AMOROTO,119,8,,15,,,,,,,,,,,,4,0,0,0,0,0,0,146
130,2020,2,A3536,LEKEITIO - MENDEXA,86,3,,56,,,,,,,,,,,,9,0,0,0,0,0,0,154
131,2020,2,A3538,LEKEITIO-Barainka,9,,,2,,,,,,,,,,,,1,0,0,0,0,0,0,12
132,2020,2,A3915,BILBAO - DURANGO - ONDARROA (Autopista),27827,1073,221,10555,42,35,,,,1664,246,54,758,30,28,5808,22,525,27,0,0,191,49106
133,2020,2,A3916,BILBAO - ERMUA - ONDARROA (Autopista),18423,710,122,3936,19,5,,,,2181,140,55,474,118,21,3007,26,302,4,0,0,80,29623
134,2020,2,A3922,MUNITIBAR ARBATZEGI GERRIKAITZ - ZIORTZA BOLIBAR - MARKINA XEMEIN - ETXEBARRIA,143,,,64,,,,,,1,,,,,,8,0,0,0,0,0,0,216
135,2020,2,A2312,Zabalburu - UPV/EHU  (Juan de Garay),13861,1092,112,105,11,,,,,4111,453,20,442,130,2,803,2,0,0,0,0,74,21218
136,2020,2,A2314,BILBAO - Erandiogoikoa - UPV/EHU,22336,2068,178,486,30,,,,,6325,786,16,1555,225,37,1193,6,86,1,0,0,191,35519
137,2020,2,A2318,Termibus - UPV/EHU (Autopista),30558,2467,243,248,26,,,,,10900,1368,81,3131,610,135,1966,5,45,10,0,0,298,52091
138,2020,2,A2321,Santutxu - UPV/EHU (Autopista),8429,641,6,157,1,,,,1,6549,580,4,1439,241,15,439,2,41,0,0,0,219,18764
139,2020,2,A2324,BILBAO - UPV/EHU (Enekuri),9323,913,55,25,3,,,,,2617,261,30,272,72,4,382,1,1,0,0,0,28,13987
140,2020,2,A3115,BILBAO - SANTURTZI,28359,700,144,11053,41,3,,,,1304,89,3,1330,211,31,4053,63,1533,71,0,0,2075,51063
141,2020,2,A3122,BILBAO - SESTAO - Errepelega/Repelega,11501,285,112,4099,29,,,,,378,53,7,449,33,12,1267,8,789,44,0,0,618,19684
142,2020,2,A3129,Lutxana - Gurutzeta/Cruces - SANTURTZI,48361,1244,296,20553,73,10,,,,2648,256,38,2113,173,71,7160,2,2828,42,0,0,3981,89849
143,2020,2,A3135,SESTAO - Cabieces,28906,674,59,14569,55,18,,,1,1127,49,18,620,32,108,4008,2,2131,34,0,0,2066,54477
144,2020,2,A3136,BILBAO - BARAKALDO - SANTURTZI,48955,1206,453,17957,51,13,2,,,2461,181,10,2434,292,125,6954,34,2528,69,0,0,3863,87588
322,2020,4,A3536,LEKEITIO - MENDEXA,,,,,,,,,,,,,,,,0,0,0,0,0,0,0,0
145,2020,2,A3137,BILBAO - BARAKALDO,19619,355,79,6476,141,4,,,,841,28,3,945,101,8,2176,2,1043,31,0,0,1641,33493
146,2020,2,A3141,Gurutzeta/Cruces - Bagatza - VALLE DE TRAPAGA TRAPAGARAN,20016,502,113,9503,42,9,,2,2,1363,86,2,971,81,4,2574,0,1209,50,0,0,1880,38409
147,2020,2,A3144,BILBAO - Gurutzeta/Cruces - BARAKALDO (Ugarte),31279,938,256,7110,32,7,,2,,1469,87,4,1481,127,39,3852,3,1106,63,0,0,2098,49953
148,2020,2,A3151,BILBAO - SANTURTZI  - PORTUGALETE (Autopista),15118,444,33,1591,4,,,,,522,14,1,202,12,2,561,0,219,1,0,0,684,19408
149,2020,2,A3321,PORTUGALETE - ZIERBENA - La Arena - MUSKIZ,10202,325,19,4970,1,,,,,1497,189,17,956,183,35,1974,45,484,2,0,0,283,21182
150,2020,2,A3331,SESTAO - VALLE DE TRAPAGA TRAPAGARAN,3101,59,,1903,,,,,,96,9,5,96,4,10,296,0,63,0,0,0,91,5733
151,2020,2,A3332,VALLE DE TRAPAGA TRAPAGARAN - SANTURTZI,14805,378,20,6034,12,,8,,2,1415,99,,1123,95,27,1646,2,462,45,0,0,744,26917
152,2020,2,A3333,Gallarta - SANTURTZI,26193,753,109,12547,17,3,,,,2581,139,56,1574,363,36,4078,13,751,31,0,0,1472,50716
153,2020,2,A3335,MUSKIZ - ZIERBENA - SESTAO,8860,209,12,6157,12,4,,,,556,62,4,577,23,3,2036,63,365,4,0,0,537,19484
154,2020,2,A3336,BILBAO - MUSKIZ,37042,1075,247,14416,52,29,,,,3429,260,13,1954,281,45,5555,34,1239,53,0,0,2513,68237
155,2020,2,A3338,MUSKIZ - BARAKALDO - Areeta/Las Arenas,32013,941,126,13137,21,8,,,,2727,152,5,1753,262,15,4510,50,712,22,0,0,1091,57545
156,2020,2,A3339,Gurutzeta/Cruces-BARAKALDO-La Arena,,,,,,,,,,,,,,,,0,0,0,0,0,0,0,0
157,2020,2,A3340,BILBAO - ABANTO Y CIERVANA ABANTO ZIERBENA - MUSKIZ (Autopista),11989,498,23,3322,33,,,,,1358,153,11,660,109,122,1026,6,178,2,0,0,872,20362
158,2020,2,A3521,BILBAO - Hospital Santa Marina Ospitalea,7335,136,18,3200,,,,,,76,3,1,31,,,456,0,19,6,0,0,162,11443
159,2020,2,A0651,BILBAO - BALMASEDA,40301,1489,380,12034,115,81,0,0,0,4173,580,32,5331,780,117,3324,59,595,15,0,0,722,70128
160,2020,2,A0652,LANESTOSA - BALMASEDA,1820,30,3,1112,0,0,0,0,0,53,23,0,29,0,0,796,22,63,8,0,0,56,4015
161,2020,2,A0653,TRUCIOS TURTZIOZ - ARTZENTALES,135,1,0,337,0,0,0,0,0,0,0,0,0,0,0,445,0,2,0,0,0,0,920
162,2020,2,A0654,BALMASEDA - Gurutzeta/Cruces - UPV/EHU,3854,178,33,1968,16,4,0,0,0,760,22,1,550,97,2,563,4,93,8,0,0,64,8217
163,2020,2,A3323,PORTUGALETE - GALDAMES,2135,44,0,1234,0,0,0,0,0,94,30,0,78,13,0,477,0,59,1,0,0,48,4213
164,2020,2,A3334,SANTURTZI - BALMASEDA,3001,96,42,1229,8,0,0,0,0,231,39,0,90,13,0,590,0,45,3,0,0,74,5461
165,2020,2,A3341,BILBAO - Sodupe - Arespalditza Respaldiza,2846,62,66,1223,0,0,2,0,0,211,8,1,242,9,14,285,16,107,3,0,0,61,5156
166,2020,2,A3342,BILBAO - Sodupe - ARTZINIEGA,13485,548,103,5608,0,3,0,0,0,823,75,27,1244,94,32,1355,44,284,7,0,0,283,24015
167,2020,2,A3343,BILBAO - Sodupe - GORDEXOLA,2518,64,15,1228,0,0,0,0,0,213,31,2,264,34,6,250,6,40,0,0,0,42,4713
168,2020,2,A2151,Areeta/Las Arenas-LARRABETZU,9108,359,45,2192,3,,,,,1342,167,,558,106,1,761,3,112,9,,,66,14832
169,2020,2,A2153,BILBAO-LOIU-Lauroeta-DERIO,8500,524,104,1286,81,,,,,607,19,15,3466,32,5,980,3,86,10,,,70,15788
170,2020,2,A2161,Bizkaia Zubia/Puente Bizkaia-UPV/EHU,13710,773,192,3530,18,,,,,4399,779,82,1085,216,43,1508,1,294,24,,,339,26993
171,2020,2,A2162,Andra Mari/Santa Maria Getxo-UPV/EHU (Algorta),4867,339,37,354,7,,,,,2260,454,3,433,108,2,479,0,23,0,,,70,9436
172,2020,2,A2163,ERANDIO-UPV/EHU,477,18,4,49,,,,,,316,13,,110,21,,26,0,1,0,,,37,1072
173,2020,2,A2164,Andra Mari/Santa Maria Getxo-UPV/EHU (Fadura),1193,124,2,60,,,,,,791,213,,131,15,,56,0,15,0,,,35,2635
174,2020,2,A2166,URIBE KOSTA - UPV/EHU,1677,186,18,31,,,,,,1389,168,26,323,90,,108,0,0,0,,,22,4038
175,2020,2,A2322,BILBAO-ERANDIO-Astrabudua-UPV/EHU,6170,153,24,1484,5,,4,,,1445,100,,717,80,11,527,0,76,3,,,369,11168
176,2020,2,A3223,BILBAO-LARRABETZU(Artxandako tunelak/Tuneles Artxanda),11688,567,21,1784,,1,,,,896,91,0,536,132,3,927,2,159,0,,,100,16907
177,2020,2,A3224,BILBAO-DERIO-Teknologia parkea/Parque Tecnologico,8338,187,4,1433,3,,,,,633,24,,303,29,6,358,0,29,0,,,246,11593
178,2020,2,A3225,BILBAO-LAUKIZ,2524,201,5,469,,,,1,,140,32,,1337,17,20,378,0,61,0,,,48,5233
179,2020,2,A3247,BILBAO-Aireportua/Aeropuerto,31917,689,72,3610,10,,11,13,37,317,53,4,234,11,16,30900,63,635,6,,,243,68841
180,2020,2,A3248,Astrabudua-erandiogoikoa-SONDIKA,730,16,,252,,,,,,35,1,,18,21,,48,0,13,0,,,54,1188
181,2020,2,A3250,BILBAO-Teknologia Parkea/Parque Tecnologico (Artxandako tunelak/Tuneles Artxanda),18818,636,111,997,,,,,,1415,75,,967,41,13,639,1,4,0,,,88,23805
182,2020,2,A3516,BILBAO - MUNGIA (Por autopista/tik),29230,1257,211,3808,42,7,,,,2600,363,42,2577,180,145,2241,0,288,6,,,357,43354
183,2020,2,A3517,BILBAO - DERIO - MUNGIA,30504,1145,319,5432,39,,,,6,2256,341,64,2941,323,122,3340,0,342,19,,,581,47774
184,2020,2,A3518,BILBAO - MUNGIA - BAKIO (Por la autopista/tik),27008,1112,119,4913,15,8,2,6,2,1310,143,14,1644,118,93,4055,15,410,28,,,313,41328
185,2020,2,A3522,MUNGIA - DERIO - Cruces/Gurutzeta,7064,152,53,1893,42,,,,,297,27,1,511,21,23,651,0,86,8,,,129,10958
186,2020,2,A3524,BERMEO - BAKIO,,,,,,,,,,,,,,,,864,0,0,0,,,0,864
187,2020,2,A3527,BILBAO - MUNGIA - BERMEO (Por la autopista/tik),34988,1345,314,6413,32,14,2,1,,4252,359,11,2536,191,90,3173,0,372,20,,,245,54358
188,2020,2,A3528,BERMEO - MUNGIA - DERIO - UPV/EHU,3481,289,68,266,24,,,,,1832,264,35,550,96,31,394,0,5,0,,,19,7354
189,2020,2,A3529,MUNGIA - GAMIZ - FIKA,337,11,,78,,,,,,1,,,36,,,56,0,0,0,,,12,531
190,2020,2,A3530,MUNGIA - MEÃAKA - ARRIETA,112,18,,72,,,,,,23,,,8,,,23,0,0,0,,,1,257
191,2020,2,A3531,SOPELANA - MUNGIA - GATIKA,6867,298,54,2649,12,,,1,,264,22,,455,36,21,1031,0,179,1,,,117,12007
192,2020,2,A3537,PLENTZIA-GORLIZ-MUNGIA,2589,102,7,1029,1,6,,,4,170,10,,252,11,,427,0,72,2,,,23,4705
193,2020,3,A2610,GALDAKAO - UPV/EHU,2829,153,4,166,2,0,0,0,0,2449,212,19,646,51,10,188,0,15,0,0,0,90,6834
194,2020,3,A2611,UGAO MIRABALLES - BASAURI - ETXEBARRI - UPV/EHU,1465,72,2,132,0,0,0,0,0,1060,103,2,299,19,6,100,0,15,3,0,0,99,3377
195,2020,3,A3613,BILBAO - UGAO MIRABALLES - OROZKO,8465,190,72,3945,0,1,0,0,0,562,47,29,461,26,7,1158,10,247,7,0,0,208,15435
196,2020,3,A3622,BILBAO - BASAURI - Artunduaga - San Miguel -ZARATAMO,3003,78,32,1016,2,0,0,0,0,94,7,0,109,7,0,360,1,93,0,0,0,65,4867
197,2020,3,A3631,BILBAO - GALDAKAO - LARRABETZU,11085,277,73,2753,3,5,0,0,0,648,109,22,489,45,12,1008,0,181,5,0,0,371,17086
198,2020,3,A3632,BILBAO - ETXEBARRI - BASAURI - San Miguel (BegoÃ±a),1548,30,21,544,1,0,0,0,0,66,9,34,41,0,31,166,0,33,2,0,0,104,2630
323,2020,4,A3538,LEKEITIO-Barainka,,,,,,,,,,,,,,,,0,0,0,0,0,0,0,0
199,2020,3,A3641,Nerbioi Garaia/Alto Nervion - ARRIGORRIAGA - Hospital Galdakao Ospitalea,13545,241,108,5902,12,0,0,0,0,545,66,33,442,40,10,1562,13,292,13,0,0,143,22967
200,2020,3,A3642,BASAURI - Hospital Galdakao Ospitalea (Bengoetxe),6081,113,31,2618,0,0,0,0,0,157,35,39,147,0,2,451,0,137,1,0,0,90,9902
201,2020,3,A3911,BILBAO - Hospital Galdakao Ospitalea - LEMOA - DURANGO - ELORRIO,16011,522,145,4091,23,6,2,0,0,1497,230,68,774,83,39,2046,0,158,9,0,0,165,25869
202,2020,3,A3912,BILBAO - Hospital Galdakao Ospitalea - LEMOA - DURANGO - ERMUA - EIBAR,16381,337,113,4253,14,5,0,0,0,921,116,31,673,56,41,2007,0,155,6,0,0,194,25303
203,2020,3,A3913,Arrazola - DURANGO,2403,148,24,1043,0,0,0,0,0,420,69,54,122,21,5,369,0,87,0,0,0,29,4794
204,2020,3,A3917,BILBAO - Hospital Galdakao Ospitalea - LEMOA - ZEANURI,10155,269,121,1891,5,0,0,0,0,749,84,33,706,76,6,1051,0,131,2,0,0,198,15477
205,2020,3,A3923,BILBAO - DURANGO - ELORRIO (Autopista),14060,662,112,2580,15,1,0,0,2,1425,217,16,1050,175,24,1395,3,118,4,0,0,41,21900
206,2020,3,A3924,ERMUA - DURANGO - UPV/EHU,2127,242,12,67,0,0,0,0,0,2303,313,15,121,55,32,154,0,2,0,0,0,24,5467
207,2020,3,A3925,BILBAO - LEMOA - OTXANDIO - UBIDE,6760,211,32,1517,4,0,0,0,0,450,77,18,441,26,9,745,0,50,3,0,0,112,10455
208,2020,3,A3926,BILBAO - ERMUA - EIBAR (Autopista),8773,331,67,900,2,16,0,0,0,847,39,1,224,54,0,1160,17,72,2,0,0,17,12522
209,2020,3,A3927,BILBAO - LEMOA - ZEANURI (Autopista),4898,226,78,799,5,1,0,0,0,351,30,4,532,68,18,441,0,84,0,0,0,66,7601
210,2020,3,A3928,ARTEA - ZEBERIO - UGAO MIRABALLES,542,10,3,365,0,0,0,0,0,1,2,0,3,0,1,75,0,9,1,0,0,7,1019
211,2020,3,A3930,BILBAO - GALDAKAO (Autopista),7272,188,3,923,0,0,0,0,0,1632,114,1,751,62,3,291,0,51,4,0,0,102,11397
212,2020,3,A3931,GARAI - DURANGO,0,0,0,0,0,0,0,0,0,0,0,0,0,0,0,35,9,0,0,0,0,0,44
213,2020,3,A3932,GALDAKAO - Metro Bolueta,15619,366,49,5273,11,0,0,0,0,13,0,0,8,0,0,478,0,334,29,9334,0,146,31660
214,2020,3,A3933,BILBAO - DURANGO (Autopista),11642,556,64,1547,9,0,0,0,0,1827,261,5,1094,111,23,636,3,74,5,0,0,32,17889
215,2020,3,A3512,BILBAO - LEKEITIO (Autopista),8678,422,95,1868,3,36,,,,541,92,3,202,22,4,1169,4,59,4,0,0,69,13271
254,2020,3,A3521,BILBAO - Hospital Santa Marina Ospitalea,1050,22,2,355,,,,,,9,,,1,,,67,0,1,2,0,0,29,1538
216,2020,3,A3513,BILBAO - Hospital Galdakao Ospitalea - GERNIKA LUMO - EA - LEKEITIO,3975,117,19,1577,1,12,,,,351,43,,146,15,11,584,0,38,1,0,0,41,6931
217,2020,3,A3514,BILBAO - AMOREBIETA ETXANO - GERNIKA LUMO,15459,535,62,2156,12,6,,,,1464,176,,1260,177,23,1138,0,79,0,0,0,116,22663
218,2020,3,A3515,BILBAO - AMOREBIETA ETXANO - GERNIKA LUMO - BERMEO,23459,757,106,4691,11,4,,,,2176,276,16,1655,171,24,2211,0,158,8,0,0,139,35862
219,2020,3,A3523,BILBAO - Hospital Galdakao Ospitalea - GERNIKA LUMO - AULESTI - LEKEITIO,3012,84,13,1138,,2,,,,322,60,,143,25,6,484,1,9,1,0,0,14,5314
220,2020,3,A3525,GERNIKA LUMO - AMOREBIETA ETXANO  - UPV/EHU,1315,175,20,36,,,,,,1232,178,,162,25,,142,0,1,0,0,0,23,3309
221,2020,3,A3526,MUNGIA - GERNIKA LUMO - IBARRANGELU,1042,76,4,174,,,,,,40,,,75,,,121,0,6,0,0,0,6,1544
222,2020,3,A3532,GERNIKA LUMO - NABARNIZ,28,,,10,,,,,,,,,,,,0,0,0,0,0,0,0,38
223,2020,3,A3533,GERNIKA LUMO - MENDATA,19,,,,,,,,,,,,,,,0,0,0,0,0,0,0,19
224,2020,3,A3534,GERNIKA LUMO - ERRIGOITI,8,4,,1,,,,,,,,,,,,1,0,0,0,0,0,0,14
225,2020,3,A3535,LEKEITIO - AMOROTO,73,4,,5,,,,,,,,,,,,0,0,0,0,0,0,0,82
226,2020,3,A3536,LEKEITIO - MENDEXA,31,,,21,,,,,,,,,,,,1,0,0,0,0,0,0,53
227,2020,3,A3538,LEKEITIO-Barainka,6,,,1,,,,,,,,,,,,0,0,0,0,0,0,0,7
228,2020,3,A3915,BILBAO - DURANGO - ONDARROA (Autopista),12836,420,101,4332,17,14,,,1,842,118,24,365,16,16,2231,3,153,7,0,0,78,21574
229,2020,3,A3916,BILBAO - ERMUA - ONDARROA (Autopista),9352,315,51,1516,12,,,,,1119,82,28,282,62,17,1240,8,89,2,0,0,32,14207
230,2020,3,A3922,MUNITIBAR ARBATZEGI GERRIKAITZ - ZIORTZA BOLIBAR - MARKINA XEMEIN - ETXEBARRIA,67,,,28,,,,,,,,,,,,3,0,0,0,0,0,0,98
231,2020,3,A2312,Zabalburu - UPV/EHU  (Juan de Garay),6109,569,41,37,8,,,,,1775,196,11,206,68,1,320,0,0,0,0,0,32,9373
232,2020,3,A2314,BILBAO - Erandiogoikoa - UPV/EHU,10514,1032,45,181,17,,,,,2772,351,19,648,104,26,531,5,29,1,0,0,78,16353
233,2020,3,A2318,Termibus - UPV/EHU (Autopista),13521,1128,116,105,11,,,,,4770,571,34,1396,226,64,927,8,21,3,0,0,116,23017
234,2020,3,A2321,Santutxu - UPV/EHU (Autopista),3868,275,7,38,,,,,,2802,270,2,616,98,6,213,1,16,0,0,0,88,8300
235,2020,3,A2324,BILBAO - UPV/EHU (Enekuri),4166,397,35,9,,,,,,1161,106,17,109,28,1,199,0,0,0,0,0,17,6245
317,2020,4,A3526,MUNGIA - GERNIKA LUMO - IBARRANGELU,539,21,,25,,,,,,37,,,,,,0,0,0,0,0,0,1,623
236,2020,3,A3115,BILBAO - SANTURTZI,15054,340,37,4703,16,1,1,2,,635,51,,775,105,6,1639,7,654,34,0,0,914,24974
237,2020,3,A3122,BILBAO - SESTAO - Errepelega/Repelega,5395,136,41,1612,17,1,,,,176,12,7,215,16,3,570,4,306,11,0,0,294,8816
238,2020,3,A3129,Lutxana - Gurutzeta/Cruces - SANTURTZI,24388,596,142,8526,25,19,,,,1124,140,27,951,49,31,2964,0,1075,22,0,0,1732,41811
239,2020,3,A3135,SESTAO - Cabieces,13775,286,19,5788,26,7,2,2,,491,12,18,294,18,66,1634,1,672,18,0,0,942,24071
240,2020,3,A3136,BILBAO - BARAKALDO - SANTURTZI,27028,657,181,7649,31,5,,,,1266,121,5,1262,101,85,2950,18,1018,134,0,0,1728,44239
241,2020,3,A3137,BILBAO - BARAKALDO,9882,168,30,2765,67,3,,,,356,13,6,500,52,12,901,1,438,16,0,0,720,15930
242,2020,3,A3141,Gurutzeta/Cruces - Bagatza - VALLE DE TRAPAGA TRAPAGARAN,10400,267,45,4217,19,1,,,,678,39,2,429,27,,1066,0,438,16,0,0,772,18416
243,2020,3,A3144,BILBAO - Gurutzeta/Cruces - BARAKALDO (Ugarte),15762,421,125,2681,22,,,,,767,62,4,726,54,12,1596,3,338,25,0,0,860,23458
244,2020,3,A3151,BILBAO - SANTURTZI  - PORTUGALETE (Autopista),7062,191,3,531,4,,,,,239,4,,98,1,,215,1,68,0,0,0,353,8770
245,2020,3,A3321,PORTUGALETE - ZIERBENA - La Arena - MUSKIZ,5252,140,14,2086,,,,,,697,100,0,413,61,39,746,9,170,2,0,0,132,9861
246,2020,3,A3331,SESTAO - VALLE DE TRAPAGA TRAPAGARAN,1802,33,6,846,,,,,,49,1,6,53,6,6,172,4,58,2,0,0,102,3146
247,2020,3,A3332,VALLE DE TRAPAGA TRAPAGARAN - SANTURTZI,7584,195,6,2390,3,5,,2,6,693,47,1,477,65,9,573,0,140,6,0,0,264,12466
248,2020,3,A3333,Gallarta - SANTURTZI,14306,313,60,5062,8,6,,,,1234,54,54,792,166,1,1578,5,311,12,0,0,703,24665
249,2020,3,A3335,MUSKIZ - ZIERBENA - SESTAO,4124,91,11,2586,4,,,,,260,25,1,291,14,1,800,24,124,4,0,0,264,8624
250,2020,3,A3336,BILBAO - MUSKIZ,20730,535,131,6310,31,16,,,,1491,118,4,877,109,24,2301,6,478,19,0,0,1325,34505
251,2020,3,A3338,MUSKIZ - BARAKALDO - Areeta/Las Arenas,16732,436,53,5240,2,8,,,,1351,61,,758,127,12,1907,25,327,9,0,0,494,27542
252,2020,3,A3339,Gurutzeta/Cruces-BARAKALDO-La Arena,,,,,,,,,,684,67,,,,,0,0,0,0,0,0,0,751
253,2020,3,A3340,BILBAO - ABANTO Y CIERVANA ABANTO ZIERBENA - MUSKIZ (Autopista),5584,204,20,1201,8,,,,3,,,,314,59,56,453,0,56,0,0,0,435,8393
255,2020,3,A0651,BILBAO - BALMASEDA,19672,645,207,4521,40,24,0,0,0,1861,265,10,2327,306,59,1474,25,270,5,0,0,301,32012
256,2020,3,A0652,LANESTOSA - BALMASEDA,920,28,1,433,0,0,0,0,0,23,9,0,8,0,0,326,20,33,1,0,0,25,1827
257,2020,3,A0653,TRUCIOS TURTZIOZ - ARTZENTALES,70,0,0,112,0,0,0,0,0,0,0,0,0,0,0,185,0,0,0,0,0,0,367
258,2020,3,A0654,BALMASEDA - Gurutzeta/Cruces - UPV/EHU,2190,67,8,878,4,0,0,0,0,322,9,0,205,48,2,220,0,36,0,0,0,26,4015
259,2020,3,A3323,PORTUGALETE - GALDAMES,1166,15,3,527,0,0,0,0,0,46,6,0,25,10,0,195,0,18,0,0,0,26,2037
260,2020,3,A3334,SANTURTZI - BALMASEDA,1580,45,26,576,2,0,0,0,0,134,3,0,38,3,0,238,0,13,0,0,0,32,2690
261,2020,3,A3341,BILBAO - Sodupe - Arespalditza Respaldiza,1534,24,34,504,0,0,0,0,0,96,3,2,107,3,6,101,2,31,1,0,0,26,2474
262,2020,3,A3342,BILBAO - Sodupe - ARTZINIEGA,6645,230,35,2431,0,1,0,0,0,340,31,11,505,35,9,575,5,123,3,0,0,147,11126
263,2020,3,A3343,BILBAO - Sodupe - GORDEXOLA,1271,37,8,534,0,0,0,0,0,99,17,3,135,15,7,127,0,13,1,0,0,14,2281
264,2020,3,A2151,Areeta/Las Arenas-LARRABETZU,4994,232,8,922,3,,,,,748,68,,302,36,3,377,3,44,0,,,21,7761
265,2020,3,A2153,BILBAO-LOIU-Lauroeta-DERIO,4516,240,23,464,34,,,,,290,7,7,1486,20,1,374,2,32,3,,,29,7528
266,2020,3,A2161,Bizkaia Zubia/Puente Bizkaia-UPV/EHU,6583,336,96,1515,9,,,,,2098,316,11,482,94,12,593,1,136,1,,,204,12487
267,2020,3,A2162,Andra Mari/Santa Maria Getxo-UPV/EHU (Algorta),2013,156,17,140,1,,,,,1033,219,,177,18,2,174,1,14,0,,,42,4007
268,2020,3,A2163,ERANDIO-UPV/EHU,254,8,1,24,,,,,,160,8,,53,13,,16,0,1,0,,,16,554
269,2020,3,A2164,Andra Mari/Santa Maria Getxo-UPV/EHU (Fadura),535,47,,18,,,,,,336,81,,51,1,,28,0,7,0,,,9,1113
270,2020,3,A2166,URIBE KOSTA - UPV/EHU,782,99,9,27,,,,,,570,87,1,152,45,10,52,0,2,0,,,10,1846
271,2020,3,A2322,BILBAO-ERANDIO-Astrabudua-UPV/EHU,3171,67,4,640,4,,,,,633,50,,333,39,4,231,0,31,0,,,147,5354
272,2020,3,A3223,BILBAO-LARRABETZU(Artxandako tunelak/Tuneles Artxanda),5486,251,8,691,,2,,,,373,39,,243,58,1,411,0,40,2,,,66,7671
273,2020,3,A3224,BILBAO-DERIO-Teknologia parkea/Parque Tecnologico,4913,88,2,643,,,,,,362,30,,169,11,1,175,0,14,1,,,104,6513
274,2020,3,A3225,BILBAO-LAUKIZ,1318,77,3,184,,,,,,42,23,,628,13,4,125,0,21,0,,,16,2454
275,2020,3,A3247,BILBAO-Aireportua/Aeropuerto,14419,330,27,2069,3,,6,17,14,146,26,0,100,4,8,13245,11,241,3,,,88,30757
276,2020,3,A3248,Astrabudua-erandiogoikoa-SONDIKA,355,7,,104,,,,,,33,,,22,7,,31,0,7,0,,,13,579
277,2020,3,A3250,BILBAO-Teknologia Parkea/Parque Tecnologico (Artxandako tunelak/Tuneles Artxanda),9902,243,57,530,,,,,,741,34,,552,20,20,316,0,0,0,,,50,12465
278,2020,3,A3516,BILBAO - MUNGIA (Por autopista/tik),15139,549,57,1513,17,9,,,,1251,146,22,1344,98,71,914,2,83,3,,,197,21415
279,2020,3,A3517,BILBAO - DERIO - MUNGIA,16981,435,130,2130,23,,,,,1083,149,35,1318,163,43,1343,0,118,3,,,302,24256
280,2020,3,A3518,BILBAO - MUNGIA - BAKIO (Por la autopista/tik),12136,431,38,1753,4,10,,2,9,640,84,7,745,35,38,1402,0,135,22,,,183,17674
281,2020,3,A3522,MUNGIA - DERIO - Cruces/Gurutzeta,3930,96,5,830,22,,,,,182,14,,291,11,13,339,0,30,1,,,102,5866
282,2020,3,A3524,BERMEO - BAKIO,,,,,,,,,,,,,,,,199,0,0,0,,,0,199
283,2020,3,A3527,BILBAO - MUNGIA - BERMEO (Por la autopista/tik),16375,712,165,2231,7,4,,,,1928,152,3,1234,91,41,1179,1,106,4,,,137,24370
284,2020,3,A3528,BERMEO - MUNGIA - DERIO - UPV/EHU,1497,149,14,113,10,,,,,851,98,14,286,56,19,186,0,2,0,,,12,3307
285,2020,3,A3529,MUNGIA - GAMIZ - FIKA,180,3,,24,,,,,,,,,23,,,19,0,0,0,,,4,253
286,2020,3,A3530,MUNGIA - MEÃAKA - ARRIETA,62,,,23,,,,,,5,,,4,,,9,0,0,0,,,0,103
287,2020,3,A3531,SOPELANA - MUNGIA - GATIKA,3848,157,51,1144,2,,,,,105,7,,248,10,10,431,0,62,1,,,53,6129
288,2020,3,A3537,PLENTZIA-GORLIZ-MUNGIA,1208,43,2,340,,18,,,,94,7,,135,2,,148,0,34,3,,,3,2037
289,2020,4,A2610,GALDAKAO - UPV/EHU,0,0,0,0,0,0,0,0,0,0,0,0,0,0,0,0,0,0,0,0,0,0,0
290,2020,4,A2611,UGAO MIRABALLES - BASAURI - ETXEBARRI - UPV/EHU,0,0,0,0,0,0,0,0,0,0,0,0,0,0,0,0,0,0,0,0,0,0,0
291,2020,4,A3613,BILBAO - UGAO MIRABALLES - OROZKO,2948,53,8,491,0,4,0,0,0,34,10,0,9,0,0,0,0,3,0,0,0,1,3561
292,2020,4,A3622,BILBAO - BASAURI - Artunduaga - San Miguel -ZARATAMO,1110,11,7,122,0,0,0,0,0,25,0,0,0,0,0,0,0,2,0,0,0,2,1279
293,2020,4,A3631,BILBAO - GALDAKAO - LARRABETZU,3016,26,9,212,0,0,0,0,0,2,0,0,27,0,0,0,0,5,0,0,0,10,3307
294,2020,4,A3632,BILBAO - ETXEBARRI - BASAURI - San Miguel (BegoÃ±a),301,27,3,53,0,0,0,0,0,13,0,0,1,0,23,0,0,0,0,0,0,2,423
295,2020,4,A3641,Nerbioi Garaia/Alto Nervion - ARRIGORRIAGA - Hospital Galdakao Ospitalea,5325,55,60,727,2,0,0,0,0,135,1,0,80,0,2,0,0,4,1,0,0,5,6397
296,2020,4,A3642,BASAURI - Hospital Galdakao Ospitalea (Bengoetxe),2739,55,27,368,0,0,0,0,0,33,0,0,14,0,0,0,0,1,0,0,0,7,3244
297,2020,4,A3911,BILBAO - Hospital Galdakao Ospitalea - LEMOA - DURANGO - ELORRIO,5012,72,35,523,3,1,0,0,0,43,0,1,20,0,0,0,0,2,0,0,0,7,5719
298,2020,4,A3912,BILBAO - Hospital Galdakao Ospitalea - LEMOA - DURANGO - ERMUA - EIBAR,5008,69,21,431,0,0,0,0,0,32,0,0,21,0,0,0,0,3,0,0,0,10,5595
299,2020,4,A3913,Arrazola - DURANGO,547,16,1,186,0,0,0,0,0,4,0,0,0,0,0,0,0,0,0,0,0,0,754
300,2020,4,A3917,BILBAO - Hospital Galdakao Ospitalea - LEMOA - ZEANURI,3300,126,5,266,1,0,0,0,0,21,1,4,14,0,0,0,0,1,0,0,0,6,3745
301,2020,4,A3923,BILBAO - DURANGO - ELORRIO (Autopista),3164,142,18,165,0,0,0,0,0,29,0,0,29,3,1,0,0,2,0,0,0,2,3555
302,2020,4,A3924,ERMUA - DURANGO - UPV/EHU,0,0,0,0,0,0,0,0,0,0,0,0,0,0,0,0,0,0,0,0,0,0,0
303,2020,4,A3925,BILBAO - LEMOA - OTXANDIO - UBIDE,1731,32,6,217,0,0,0,0,0,1,0,0,47,0,0,0,0,1,0,0,0,8,2043
304,2020,4,A3926,BILBAO - ERMUA - EIBAR (Autopista),863,40,0,8,0,0,0,0,0,17,0,0,0,0,0,0,0,0,0,0,0,1,929
305,2020,4,A3927,BILBAO - LEMOA - ZEANURI (Autopista),948,21,5,74,0,0,0,0,0,0,0,0,6,0,0,0,0,0,0,0,0,0,1054
306,2020,4,A3928,ARTEA - ZEBERIO - UGAO MIRABALLES,147,0,0,93,0,0,0,0,0,1,0,0,1,0,0,0,0,0,0,0,0,0,242
307,2020,4,A3930,BILBAO - GALDAKAO (Autopista),1136,5,0,22,0,0,0,0,0,0,0,0,19,0,0,0,0,0,0,0,0,3,1185
308,2020,4,A3931,GARAI - DURANGO,0,0,0,0,0,0,0,0,0,0,0,0,0,0,0,14,0,0,0,0,0,0,14
309,2020,4,A3932,GALDAKAO - Metro Bolueta,6874,112,77,719,2,0,0,0,0,3,0,1,8,1,0,0,0,5,0,1676,0,10,9488
310,2020,4,A3933,BILBAO - DURANGO (Autopista),1492,85,50,79,0,0,0,0,0,65,0,0,26,0,2,0,0,1,0,0,0,6,1806
311,2020,4,A3512,BILBAO - LEKEITIO (Autopista),1871,76,30,128,,,,,,,,,1,,,0,0,0,2,0,0,13,2121
312,2020,4,A3513,BILBAO - Hospital Galdakao Ospitalea - GERNIKA LUMO - EA - LEKEITIO,1446,12,,198,,1,,,,10,,,,,,0,0,0,0,0,0,3,1670
313,2020,4,A3514,BILBAO - AMOREBIETA ETXANO - GERNIKA LUMO,2102,37,1,88,,,,,,18,,,13,,,0,0,2,0,0,0,1,2262
314,2020,4,A3515,BILBAO - AMOREBIETA ETXANO - GERNIKA LUMO - BERMEO,6103,127,16,430,,,,,,102,,,51,1,,0,0,2,0,0,0,2,6834
315,2020,4,A3523,BILBAO - Hospital Galdakao Ospitalea - GERNIKA LUMO - AULESTI - LEKEITIO,957,21,,152,,,,,,2,,,,,,0,0,0,0,0,0,3,1135
316,2020,4,A3525,GERNIKA LUMO - AMOREBIETA ETXANO  - UPV/EHU,,,,,,,,,,,,,,,,0,0,0,0,0,0,0,0
318,2020,4,A3532,GERNIKA LUMO - NABARNIZ,,,,,,,,,,,,,,,,0,0,0,0,0,0,0,0
324,2020,4,A3915,BILBAO - DURANGO - ONDARROA (Autopista),3779,114,13,308,1,,,,,27,,,5,,,0,0,3,1,0,0,7,4258
325,2020,4,A3916,BILBAO - ERMUA - ONDARROA (Autopista),2619,62,1,66,,,,,,28,,,27,,,0,0,2,1,0,0,1,2807
326,2020,4,A3922,MUNITIBAR ARBATZEGI GERRIKAITZ - ZIORTZA BOLIBAR - MARKINA XEMEIN - ETXEBARRIA,3,,,1,,,,,,,,,,,,0,0,0,0,0,0,0,4
327,2020,4,A2312,Zabalburu - UPV/EHU  (Juan de Garay),,,,,,,,,,,,,,,,0,0,0,0,0,0,0,0
328,2020,4,A2314,BILBAO - Erandiogoikoa - UPV/EHU,416,3,,10,,,,,,,,,1,,,0,0,0,0,0,0,7,437
329,2020,4,A2318,Termibus - UPV/EHU (Autopista),,,,,,,,,,,,,,,,0,0,0,0,0,0,0,0
330,2020,4,A2321,Santutxu - UPV/EHU (Autopista),,,,,,,,,,,,,,,,0,0,0,0,0,0,0,0
331,2020,4,A2324,BILBAO - UPV/EHU (Enekuri),,,,,,,,,,,,,,,,0,0,0,0,0,0,0,0
332,2020,4,A3115,BILBAO - SANTURTZI,5468,97,8,550,2,,,,,24,,,103,,,0,0,7,0,0,0,175,6434
333,2020,4,A3122,BILBAO - SESTAO - Errepelega/Repelega,845,17,1,84,,,,,,2,,,23,,,0,0,1,0,0,0,19,992
334,2020,4,A3129,Lutxana - Gurutzeta/Cruces - SANTURTZI,7607,170,43,1314,3,,,,,95,37,,21,,1,0,0,11,2,0,0,127,9431
335,2020,4,A3135,SESTAO - Cabieces,2160,12,2,281,,,,,,73,1,,29,,25,0,0,0,0,0,0,25,2608
336,2020,4,A3136,BILBAO - BARAKALDO - SANTURTZI,13195,293,38,1473,1,,,,,123,8,,229,5,12,0,0,26,2,0,0,267,15672
337,2020,4,A3137,BILBAO - BARAKALDO,1414,21,5,123,,,,,,6,,,15,,,0,0,0,0,0,0,16,1600
338,2020,4,A3141,Gurutzeta/Cruces - Bagatza - VALLE DE TRAPAGA TRAPAGARAN,3332,64,8,556,4,,,,,32,,,15,,,0,0,4,1,0,0,79,4095
339,2020,4,A3144,BILBAO - Gurutzeta/Cruces - BARAKALDO (Ugarte),4595,85,17,288,,,,,,34,2,,50,1,,0,0,9,0,0,0,90,5171
340,2020,4,A3151,BILBAO - SANTURTZI  - PORTUGALETE (Autopista),564,11,2,24,,,,,,,,,1,,,0,0,1,0,0,0,20,623
341,2020,4,A3321,PORTUGALETE - ZIERBENA - La Arena - MUSKIZ,2119,50,2,684,,,,,,33,,,13,,,0,0,4,0,0,0,12,2917
342,2020,4,A3331,SESTAO - VALLE DE TRAPAGA TRAPAGARAN,1025,1,,188,,,,,,18,,,1,,,0,0,0,0,0,0,4,1237
343,2020,4,A3332,VALLE DE TRAPAGA TRAPAGARAN - SANTURTZI,2767,12,,202,,,,,,41,,,44,,,0,0,2,0,0,0,14,3082
344,2020,4,A3333,Gallarta - SANTURTZI,6022,56,22,624,,,,,,145,,18,175,50,,7,0,2,0,0,0,35,7156
345,2020,4,A3335,MUSKIZ - ZIERBENA - SESTAO,573,,,402,,,,,,5,,,1,,,0,0,0,0,0,0,8,989
346,2020,4,A3336,BILBAO - MUSKIZ,11702,229,42,1474,,,,,,57,4,,144,8,,0,0,15,0,0,0,349,14024
347,2020,4,A3338,MUSKIZ - BARAKALDO - Areeta/Las Arenas,4606,69,7,582,,,,,,44,,,54,13,,0,0,2,0,0,0,30,5407
348,2020,4,A3339,Gurutzeta/Cruces-BARAKALDO-La Arena,,,,,,,,,,,,,,,,0,0,0,0,0,0,0,0
349,2020,4,A3340,BILBAO - ABANTO Y CIERVANA ABANTO ZIERBENA - MUSKIZ (Autopista),626,8,91,,,,,,,2,,,,10,,0,0,0,0,0,0,19,756
350,2020,4,A3521,BILBAO - Hospital Santa Marina Ospitalea,,,,,,,,,,,,,,,,0,0,0,0,0,0,0,0
351,2020,4,A0651,BILBAO - BALMASEDA,5307,86,15,368,5,2,0,0,0,3,5,0,64,0,0,0,0,3,0,0,0,65,5923
352,2020,4,A0652,LANESTOSA - BALMASEDA,177,0,0,40,0,0,0,0,0,0,0,0,0,0,0,0,0,3,0,0,0,2,222
353,2020,4,A0653,TRUCIOS TURTZIOZ - ARTZENTALES,0,0,0,0,0,0,0,0,0,0,0,0,0,0,0,0,0,0,0,0,0,0,0
354,2020,4,A0654,BALMASEDA - Gurutzeta/Cruces - UPV/EHU,620,3,0,116,0,0,0,0,0,0,0,0,2,0,0,0,0,2,0,0,0,1,744
355,2020,4,A3323,PORTUGALETE - GALDAMES,361,4,0,68,0,0,0,0,0,0,0,0,1,0,0,0,0,2,0,0,0,4,440
356,2020,4,A3334,SANTURTZI - BALMASEDA,502,1,0,89,0,0,0,0,0,0,0,0,0,0,0,0,0,0,0,0,0,3,595
357,2020,4,A3341,BILBAO - Sodupe - Arespalditza Respaldiza,488,3,6,54,0,0,0,0,0,0,3,0,8,0,0,0,0,1,0,0,0,10,573
358,2020,4,A3342,BILBAO - Sodupe - ARTZINIEGA,2293,20,8,440,0,0,0,0,0,0,3,0,9,0,0,0,0,3,0,0,0,40,2816
359,2020,4,A3343,BILBAO - Sodupe - GORDEXOLA,0,0,0,0,0,0,0,0,0,0,0,0,0,0,0,0,0,0,0,0,0,0,0
360,2020,4,A2151,Areeta/Las Arenas-LARRABETZU,1382,24,,156,,,,,,35,,,27,,,,,3,,,,6,1633
361,2020,4,A2153,BILBAO-LOIU-Lauroeta-DERIO,963,48,,37,,,,,,2,,,5,1,,,,,,,,14,1070
362,2020,4,A2161,Bizkaia Zubia/Puente Bizkaia-UPV/EHU,718,7,7,100,6,,,,,7,,,,,,,,,,,,26,871
363,2020,4,A2162,Andra Mari/Santa Maria Getxo-UPV/EHU (Algorta),,,,,,,,,,,,,,,,,,,,,,,0
364,2020,4,A2163,ERANDIO-UPV/EHU,,,,,,,,,,,,,,,,,,,,,,,0
365,2020,4,A2164,Andra Mari/Santa Maria Getxo-UPV/EHU (Fadura),,,,,,,,,,,,,,,,,,,,,,,0
366,2020,4,A2166,URIBE KOSTA - UPV/EHU,,,,,,,,,,,,,,,,,,,,,,,0
367,2020,4,A2322,BILBAO-ERANDIO-Astrabudua-UPV/EHU,729,37,,104,,,,,,6,,,24,,,,,,,,,8,908
368,2020,4,A3223,BILBAO-LARRABETZU(Artxandako tunelak/Tuneles Artxanda),536,10,,29,,,,,,,1,,12,,,,,,,,,12,600
369,2020,4,A3224,BILBAO-DERIO-Teknologia parkea/Parque Tecnologico,1425,26,,174,,,,,,37,6,,26,,,,,,,,,17,1711
370,2020,4,A3225,BILBAO-LAUKIZ,471,8,,12,,,,,,,,,6,1,,,,,,,,,498
371,2020,4,A3247,BILBAO-Aireportua/Aeropuerto,661,3,,16,,,,,,,,,0,,,14,,1,1,,,48,744
372,2020,4,A3248,Astrabudua-erandiogoikoa-SONDIKA,,,,,,,,,,,,,1,,,,,,,,,,1
373,2020,4,A3250,BILBAO-Teknologia Parkea/Parque Tecnologico (Artxandako tunelak/Tuneles Artxanda),1755,26,39,110,,,,,,53,,,27,,,,,,,,,,2010
374,2020,4,A3516,BILBAO - MUNGIA (Por autopista/tik),2459,41,6,67,,,,,,3,,,60,,,,,6,1,,,24,2667
375,2020,4,A3517,BILBAO - DERIO - MUNGIA,6797,94,30,307,,,,,,71,,,96,8,,,,,,,,66,7469
376,2020,4,A3518,BILBAO - MUNGIA - BAKIO (Por la autopista/tik),2971,98,9,148,,,,,,10,,,89,,1,,,,,,,7,3333
377,2020,4,A3522,MUNGIA - DERIO - Cruces/Gurutzeta,1739,57,,127,1,,,,,34,,,82,,,,,1,2,,,32,2075
378,2020,4,A3524,BERMEO - BAKIO,,,,,,,,,,,,,,,,,,,,,,,0
379,2020,4,A3527,BILBAO - MUNGIA - BERMEO (Por la autopista/tik),3698,114,48,189,2,,,,,16,,,38,,1,,,6,1,,,9,4122
380,2020,4,A3528,BERMEO - MUNGIA - DERIO - UPV/EHU,,,,,,,,,,,,,,,,,,,,,,,0
381,2020,4,A3529,MUNGIA - GAMIZ - FIKA,,,,,,,,,,,,,,,,,,,,,,,0
382,2020,4,A3530,MUNGIA - MEÃAKA - ARRIETA,,,,,,,,,,,,,,,,,,,,,,,0
383,2020,4,A3531,SOPELANA - MUNGIA - GATIKA,1718,63,28,267,1,,,,,2,,,2,,9,,,2,1,,,37,2130
384,2020,4,A3537,PLENTZIA-GORLIZ-MUNGIA,94,,1,42,,,,,,,,,,,,,,,,,,4,141
385,2020,5,A2610,GALDAKAO - UPV/EHU,401,6,0,35,0,0,0,0,0,3,0,0,5,0,0,0,0,0,0,0,0,1,451
386,2020,5,A2611,UGAO MIRABALLES - BASAURI - ETXEBARRI - UPV/EHU,0,0,0,0,0,0,0,0,0,0,0,0,0,0,0,0,0,0,0,0,0,0,0
387,2020,5,A3613,BILBAO - UGAO MIRABALLES - OROZKO,6733,146,62,2059,0,1,0,0,0,62,11,0,96,0,2,0,0,4,0,0,0,6,9182
388,2020,5,A3622,BILBAO - BASAURI - Artunduaga - San Miguel -ZARATAMO,2174,21,12,699,0,0,0,0,0,30,1,0,6,0,0,0,0,4,0,0,0,5,2952
389,2020,5,A3631,BILBAO - GALDAKAO - LARRABETZU,7746,179,25,1497,1,0,0,0,0,62,0,2,49,3,0,0,0,16,4,0,0,26,9610
390,2020,5,A3632,BILBAO - ETXEBARRI - BASAURI - San Miguel (BegoÃ±a),1130,15,3,259,1,0,0,0,0,54,25,0,7,0,38,0,0,3,1,0,0,8,1544
391,2020,5,A3641,Nerbioi Garaia/Alto Nervion - ARRIGORRIAGA - Hospital Galdakao Ospitalea,10216,160,98,2986,4,1,0,0,0,176,0,3,106,0,2,0,0,10,1,0,0,11,13774
392,2020,5,A3642,BASAURI - Hospital Galdakao Ospitalea (Bengoetxe),4683,73,38,1338,2,0,0,0,0,34,0,8,80,0,1,0,0,3,1,0,0,11,6272
393,2020,5,A3911,BILBAO - Hospital Galdakao Ospitalea - LEMOA - DURANGO - ELORRIO,10673,292,76,1993,5,0,0,0,0,140,1,6,65,4,0,0,0,2,0,0,0,5,13262
394,2020,5,A3912,BILBAO - Hospital Galdakao Ospitalea - LEMOA - DURANGO - ERMUA - EIBAR,11082,164,45,1948,7,3,0,0,0,78,0,7,113,0,0,0,0,1,0,0,0,5,13453
395,2020,5,A3913,Arrazola - DURANGO,1406,49,12,651,0,0,0,0,0,10,0,20,0,0,0,0,0,3,0,0,0,12,2163
396,2020,5,A3917,BILBAO - Hospital Galdakao Ospitalea - LEMOA - ZEANURI,7487,204,35,903,1,0,0,0,0,56,0,1,67,1,0,0,0,1,2,0,0,0,8758
397,2020,5,A3923,BILBAO - DURANGO - ELORRIO (Autopista),8166,346,88,963,2,0,0,0,0,127,0,1,90,3,7,0,0,3,0,0,0,0,9796
398,2020,5,A3924,ERMUA - DURANGO - UPV/EHU,0,0,0,0,0,0,0,0,0,0,0,0,0,0,0,0,0,0,0,0,0,0,0
399,2020,5,A3925,BILBAO - LEMOA - OTXANDIO - UBIDE,4565,131,30,804,0,0,0,0,0,6,0,0,107,0,0,0,0,1,0,0,0,6,5650
400,2020,5,A3926,BILBAO - ERMUA - EIBAR (Autopista),3561,144,14,196,1,1,0,0,0,64,0,0,43,0,0,0,0,2,0,0,0,2,4028
401,2020,5,A3927,BILBAO - LEMOA - ZEANURI (Autopista),2871,66,27,323,13,0,0,0,0,31,0,2,80,0,0,0,0,2,0,0,0,2,3417
402,2020,5,A3928,ARTEA - ZEBERIO - UGAO MIRABALLES,383,0,0,191,0,0,0,0,0,34,0,0,48,7,0,0,0,0,0,0,0,0,663
403,2020,5,A3930,BILBAO - GALDAKAO (Autopista),4036,48,3,320,0,0,0,0,0,7,0,0,9,0,2,0,0,1,0,0,0,9,4435
404,2020,5,A3931,GARAI - DURANGO,0,0,0,0,0,0,0,0,0,0,0,0,0,0,0,29,0,0,0,0,0,0,29
405,2020,5,A3932,GALDAKAO - Metro Bolueta,12305,181,80,2401,8,0,0,0,0,114,3,0,76,2,8,0,0,14,2,2451,0,12,17657
406,2020,5,A3933,BILBAO - DURANGO (Autopista),5135,239,55,496,7,0,0,0,0,0,0,0,0,0,0,0,0,1,0,0,0,4,5937
407,2020,5,A3512,BILBAO - LEKEITIO (Autopista),6528,255,81,753,,,,,,28,,0,9,,,0,0,11,3,0,0,14,7682
408,2020,5,A3513,BILBAO - Hospital Galdakao Ospitalea - GERNIKA LUMO - EA - LEKEITIO,3722,44,6,922,,,,,,4,,,14,,,0,0,4,1,0,0,6,4723
409,2020,5,A3514,BILBAO - AMOREBIETA ETXANO - GERNIKA LUMO,8326,154,18,711,,,,,,138,,,154,1,,0,0,8,0,0,0,17,9527
410,2020,5,A3515,BILBAO - AMOREBIETA ETXANO - GERNIKA LUMO - BERMEO,15389,403,39,2003,,,,,,162,,5,275,1,,0,0,31,0,0,0,24,18332
411,2020,5,A3523,BILBAO - Hospital Galdakao Ospitalea - GERNIKA LUMO - AULESTI - LEKEITIO,2397,48,9,555,,,,,,6,,,25,,,0,0,6,0,0,0,5,3051
412,2020,5,A3525,GERNIKA LUMO - AMOREBIETA ETXANO  - UPV/EHU,,,,,,,,,,,,,,,,0,0,0,0,0,0,0,0
413,2020,5,A3526,MUNGIA - GERNIKA LUMO - IBARRANGELU,1323,64,1,184,,,,,,33,,,8,,,0,0,0,0,0,0,2,1615
414,2020,5,A3532,GERNIKA LUMO - NABARNIZ,29,,,4,,,,,,,,,,,,0,0,0,0,0,0,0,33
415,2020,5,A3533,GERNIKA LUMO - MENDATA,7,,,,,,,,,,,,,,,0,0,0,0,0,0,0,7
416,2020,5,A3534,GERNIKA LUMO - ERRIGOITI,8,,,,,,,,,,,,,,,0,0,0,0,0,0,0,8
417,2020,5,A3535,LEKEITIO - AMOROTO,20,,,10,,,,,,,,,,,,0,0,0,0,0,0,0,30
418,2020,5,A3536,LEKEITIO - MENDEXA,33,,,18,,,,,,,,,,,,0,0,0,0,0,0,0,51
419,2020,5,A3538,LEKEITIO-Barainka,2,,,,,,,,,,,,,,,0,0,0,0,0,0,0,2
420,2020,5,A3915,BILBAO - DURANGO - ONDARROA (Autopista),9751,206,59,1933,,,,,,62,12,7,53,,3,0,0,15,0,0,0,18,12119
421,2020,5,A3916,BILBAO - ERMUA - ONDARROA (Autopista),6459,149,20,680,,2,,,,48,,,36,,,0,0,6,1,0,0,6,7407
422,2020,5,A3922,MUNITIBAR ARBATZEGI GERRIKAITZ - ZIORTZA BOLIBAR - MARKINA XEMEIN - ETXEBARRIA,61,,,24,,,,,,,,,,,,0,0,0,0,0,0,0,85
423,2020,5,A2312,Zabalburu - UPV/EHU  (Juan de Garay),,,,,,,,,,,,,,,,0,0,0,0,0,0,0,0
424,2020,5,A2314,BILBAO - Erandiogoikoa - UPV/EHU,1553,12,1,88,,,,,,29,,,2,4,,0,0,0,0,0,0,17,1706
425,2020,5,A2318,Termibus - UPV/EHU (Autopista),545,10,,2,,,,,,,,,,,,0,0,8,0,0,0,5,570
426,2020,5,A2321,Santutxu - UPV/EHU (Autopista),,,,,,,,,,,,,,,,0,0,0,0,0,0,0,0
427,2020,5,A2324,BILBAO - UPV/EHU (Enekuri),,,,,,,,,,,,,,,,0,0,0,0,0,0,0,0
428,2020,5,A3115,BILBAO - SANTURTZI,13059,251,60,2491,12,,,,,117,20,,251,3,4,0,0,117,2,0,0,319,16706
429,2020,5,A3122,BILBAO - SESTAO - Errepelega/Repelega,3756,80,11,695,9,1,,,,39,,1,48,,3,0,0,51,4,0,0,72,4770
430,2020,5,A3129,Lutxana - Gurutzeta/Cruces - SANTURTZI,17135,378,79,4886,10,6,,,,139,37,,126,,9,0,0,105,5,0,0,329,23244
431,2020,5,A3135,SESTAO - Cabieces,8033,109,5,2800,1,4,,,,114,,1,36,3,24,0,0,85,2,0,0,196,11413
432,2020,5,A3136,BILBAO - BARAKALDO - SANTURTZI,21169,430,72,4491,14,,,,,225,10,1,280,3,11,0,0,192,7,0,0,523,27428
433,2020,5,A3137,BILBAO - BARAKALDO,7148,78,20,1115,5,1,,,,43,,,59,3,2,0,0,90,6,0,0,206,8776
434,2020,5,A3141,Gurutzeta/Cruces - Bagatza - VALLE DE TRAPAGA TRAPAGARAN,6802,150,9,2282,7,2,,,,82,1,,62,4,,0,0,21,6,0,0,151,9579
435,2020,5,A3144,BILBAO - Gurutzeta/Cruces - BARAKALDO (Ugarte),11550,209,43,1537,4,,,,,89,4,,120,3,3,0,0,72,1,0,0,280,13915
436,2020,5,A3151,BILBAO - SANTURTZI  - PORTUGALETE (Autopista),3991,106,22,286,,,,,,7,1,,2,,,0,0,14,0,0,0,152,4581
437,2020,5,A3321,PORTUGALETE - ZIERBENA - La Arena - MUSKIZ,5833,212,8,1690,2,,,,,42,2,,57,11,,0,0,42,1,0,0,49,7949
438,2020,5,A3331,SESTAO - VALLE DE TRAPAGA TRAPAGARAN,1738,9,,544,,,,,,40,,,4,15,,0,0,3,0,0,0,23,2376
439,2020,5,A3332,VALLE DE TRAPAGA TRAPAGARAN - SANTURTZI,5948,69,,1135,,,,,,111,,,30,21,,0,0,28,0,0,0,67,7409
440,2020,5,A3333,Gallarta - SANTURTZI,11766,179,27,2739,,1,,,,248,2,40,172,82,,14,0,20,11,0,0,102,15403
441,2020,5,A3335,MUSKIZ - ZIERBENA - SESTAO,4575,86,5,2029,3,1,,,,12,,,26,1,,0,0,57,0,0,0,80,6875
442,2020,5,A3336,BILBAO - MUSKIZ,17693,378,115,3594,6,2,,,,144,21,,215,14,22,0,0,118,2,0,0,487,22811
443,2020,5,A3338,MUSKIZ - BARAKALDO - Areeta/Las Arenas,14532,348,33,3203,1,,,,,154,4,,254,64,1,0,0,103,4,0,0,218,18919
444,2020,5,A3339,Gurutzeta/Cruces-BARAKALDO-La Arena,,,,,,,,,,,,,,,,0,0,0,0,0,0,0,0
445,2020,5,A3340,BILBAO - ABANTO Y CIERVANA ABANTO ZIERBENA - MUSKIZ (Autopista),2857,169,29,492,4,,,,,28,3,,15,32,23,0,0,14,0,0,0,146,3812
446,2020,5,A3521,BILBAO - Hospital Santa Marina Ospitalea,,,,,,,,,,,,,,,,0,0,0,0,0,0,0,0
447,2020,5,A0651,BILBAO - BALMASEDA,11959,258,74,1881,5,1,0,0,0,35,32,0,219,0,0,0,0,142,0,0,0,184,14790
448,2020,5,A0652,LANESTOSA - BALMASEDA,763,13,0,156,0,0,0,0,0,14,0,0,0,0,0,35,0,8,0,0,0,13,1002
449,2020,5,A0653,TRUCIOS TURTZIOZ - ARTZENTALES,57,0,0,16,0,0,0,0,0,0,0,0,0,0,0,39,0,0,0,0,0,0,112
450,2020,5,A0654,BALMASEDA - Gurutzeta/Cruces - UPV/EHU,1330,12,5,495,0,0,0,0,0,4,2,0,5,0,0,0,0,4,0,0,0,7,1864
451,2020,5,A3323,PORTUGALETE - GALDAMES,954,8,0,294,0,0,0,0,0,3,0,0,1,0,0,0,0,5,0,0,0,16,1281
452,2020,5,A3334,SANTURTZI - BALMASEDA,1159,10,0,327,0,0,0,0,0,0,0,0,1,0,0,0,0,7,0,0,0,12,1516
453,2020,5,A3341,BILBAO - Sodupe - Arespalditza Respaldiza,1041,4,24,289,0,0,0,0,0,17,2,0,10,0,3,0,0,6,1,0,0,1,1398
454,2020,5,A3342,BILBAO - Sodupe - ARTZINIEGA,4612,55,38,1397,0,3,0,0,0,10,2,0,44,4,13,0,0,42,2,0,0,96,6318
455,2020,5,A3343,BILBAO - Sodupe - GORDEXOLA,493,2,2,279,0,0,0,0,0,1,0,0,6,0,6,0,0,9,1,0,0,9,808
456,2020,5,A2151,Areeta/Las Arenas-LARRABETZU,3554,140,4,490,5,,,,,72,,,50,4,,0,0,4,0,,,23,4346
457,2020,5,A2153,BILBAO-LOIU-Lauroeta-DERIO,2811,96,8,212,1,,,,,75,,,270,,,0,0,2,0,,,25,3500
458,2020,5,A2161,Bizkaia Zubia/Puente Bizkaia-UPV/EHU,2460,37,12,916,8,,,,,18,,,22,1,,0,0,37,1,,,67,3579
459,2020,5,A2162,Andra Mari/Santa Maria Getxo-UPV/EHU (Algorta),,,,,,,,,,,,,,,,,,,,,,,0
460,2020,5,A2163,ERANDIO-UPV/EHU,,,,,,,,,,,,,,,,,,,,,,,0
461,2020,5,A2164,Andra Mari/Santa Maria Getxo-UPV/EHU (Fadura),,,,,,,,,,,,,,,,,,,,,,,0
462,2020,5,A2166,URIBE KOSTA - UPV/EHU,,,,,,,,,,,,,,,,,,,,,,,0
463,2020,5,A2322,BILBAO-ERANDIO-Astrabudua-UPV/EHU,2275,36,2,470,,,,,,8,,,58,,6,0,0,8,0,,,86,2949
464,2020,5,A3223,BILBAO-LARRABETZU(Artxandako tunelak/Tuneles Artxanda),2584,84,1,260,,,,,,56,6,,28,3,,0,0,12,0,,,42,3076
465,2020,5,A3224,BILBAO-DERIO-Teknologia parkea/Parque Tecnologico,2768,49,12,369,,,,,,93,8,,64,1,,0,0,2,1,,,16,3383
466,2020,5,A3225,BILBAO-LAUKIZ,1318,41,3,99,,,,,,,3,,70,,,0,0,6,0,,,7,1547
467,2020,5,A3247,BILBAO-Aireportua/Aeropuerto,877,6,3,23,,,,,,1,,,1,,,92,0,0,0,,,43,1046
468,2020,5,A3248,Astrabudua-erandiogoikoa-SONDIKA,228,6,,53,1,,,,,,,,1,,,0,0,1,0,,,2,292
469,2020,5,A3250,BILBAO-Teknologia Parkea/Parque Tecnologico (Artxandako tunelak/Tuneles Artxanda),3414,31,33,230,,,,,,105,5,,65,22,,0,0,0,0,,,11,3916
470,2020,5,A3516,BILBAO - MUNGIA (Por autopista/tik),8312,228,17,476,,3,,,,70,,15,142,1,,0,0,5,0,,,41,9310
471,2020,5,A3517,BILBAO - DERIO - MUNGIA,14575,343,79,1083,9,,,,,187,3,,254,11,,0,0,17,2,,,67,16630
472,2020,5,A3518,BILBAO - MUNGIA - BAKIO (Por la autopista/tik),11254,452,53,995,,2,,,,92,,8,186,1,,0,0,30,1,,,29,13103
473,2020,5,A3522,MUNGIA - DERIO - Cruces/Gurutzeta,3756,97,3,478,2,,,,,39,4,,100,,,0,0,11,1,,,37,4528
474,2020,5,A3524,BERMEO - BAKIO,,,,,,,,,,,,,,,,174,0,0,0,,,0,174
475,2020,5,A3527,BILBAO - MUNGIA - BERMEO (Por la autopista/tik),10280,429,50,935,2,3,,,,91,,13,119,1,,0,0,27,0,,,41,11991
476,2020,5,A3528,BERMEO - MUNGIA - DERIO - UPV/EHU,,,,,,,,,,,,,,,,,,,,,,,0
477,2020,5,A3529,MUNGIA - GAMIZ - FIKA,139,,,17,,,,,,,,,,,,0,0,0,0,,,3,159
478,2020,5,A3530,MUNGIA - MEÃAKA - ARRIETA,67,1,,30,,,,,,,,,,,,0,0,2,0,,,0,100
479,2020,5,A3531,SOPELANA - MUNGIA - GATIKA,3619,132,75,871,,,,,,16,1,,28,,21,0,0,31,2,,,18,4814
480,2020,5,A3537,PLENTZIA-GORLIZ-MUNGIA,1368,82,4,267,,,,,,1,,2,12,2,,0,0,25,1,,,20,1784
481,2020,6,A2610,GALDAKAO - UPV/EHU,1772,14,3,78,0,0,0,0,0,74,0,1,16,0,0,0,0,2,0,0,0,12,1972
482,2020,6,A2611,UGAO MIRABALLES - BASAURI - ETXEBARRI - UPV/EHU,0,0,0,0,0,0,0,0,0,0,0,0,0,0,0,0,0,0,0,0,0,0,0
483,2020,6,A3613,BILBAO - UGAO MIRABALLES - OROZKO,13626,346,79,5682,8,0,0,0,0,232,0,0,372,9,4,0,0,142,5,0,0,192,20697
484,2020,6,A3622,BILBAO - BASAURI - Artunduaga - San Miguel -ZARATAMO,4976,88,30,1693,1,0,0,0,0,39,0,0,38,6,0,0,0,87,0,0,0,43,7001
485,2020,6,A3631,BILBAO - GALDAKAO - LARRABETZU,16020,414,46,4246,5,0,0,0,0,190,12,39,261,10,3,0,0,123,3,0,0,212,21584
486,2020,6,A3632,BILBAO - ETXEBARRI - BASAURI - San Miguel (BegoÃ±a),2207,32,17,663,2,0,0,0,0,108,0,0,15,31,27,0,0,36,0,0,0,138,3276
487,2020,6,A3641,Nerbioi Garaia/Alto Nervion - ARRIGORRIAGA - Hospital Galdakao Ospitalea,18498,328,145,7199,12,2,0,0,0,446,0,10,331,1,14,0,0,168,3,0,0,120,27277
488,2020,6,A3642,BASAURI - Hospital Galdakao Ospitalea (Bengoetxe),7918,139,30,3292,2,0,0,0,0,109,1,82,131,0,0,0,0,61,2,0,0,61,11828
489,2020,6,A3911,BILBAO - Hospital Galdakao Ospitalea - LEMOA - DURANGO - ELORRIO,22258,715,124,4787,10,1,0,0,0,378,4,21,360,20,7,0,0,68,0,0,0,63,28816
490,2020,6,A3912,BILBAO - Hospital Galdakao Ospitalea - LEMOA - DURANGO - ERMUA - EIBAR,23166,380,148,5229,16,9,0,0,0,399,5,31,366,21,3,0,0,61,2,0,0,114,29950
491,2020,6,A3913,Arrazola - DURANGO,3415,215,34,1470,0,0,0,0,0,28,0,50,24,0,4,0,0,32,0,0,0,10,5282
492,2020,6,A3917,BILBAO - Hospital Galdakao Ospitalea - LEMOA - ZEANURI,16174,527,150,2313,0,0,0,0,0,351,5,20,223,31,2,0,0,84,2,0,0,89,19971
493,2020,6,A3923,BILBAO - DURANGO - ELORRIO (Autopista),18944,1034,168,2824,8,0,0,0,0,583,0,5,305,12,6,0,0,56,4,0,0,17,23966
494,2020,6,A3924,ERMUA - DURANGO - UPV/EHU,0,0,0,0,0,0,0,0,0,0,0,0,0,0,0,0,0,0,0,0,0,0,0
495,2020,6,A3925,BILBAO - LEMOA - OTXANDIO - UBIDE,9825,262,49,2012,2,0,0,0,0,190,3,17,195,3,0,0,0,63,3,0,0,49,12673
496,2020,6,A3926,BILBAO - ERMUA - EIBAR (Autopista),11018,274,65,1056,1,4,0,0,0,165,23,1,94,0,1,0,0,36,3,0,0,9,12750
497,2020,6,A3927,BILBAO - LEMOA - ZEANURI (Autopista),6754,225,92,863,13,1,0,0,0,124,0,2,261,8,0,0,0,65,0,0,0,21,8429
498,2020,6,A3928,ARTEA - ZEBERIO - UGAO MIRABALLES,761,9,0,373,0,0,0,0,0,2,0,0,0,3,1,0,0,10,0,0,0,4,1163
499,2020,6,A3930,BILBAO - GALDAKAO (Autopista),8979,214,4,965,0,0,0,0,0,209,0,1,206,52,12,0,0,23,2,0,0,58,10725
500,2020,6,A3931,GARAI - DURANGO,0,0,0,0,0,0,0,0,0,0,0,0,0,0,0,54,6,0,0,0,0,0,60
501,2020,6,A3932,GALDAKAO - Metro Bolueta,21199,444,101,6071,21,0,0,0,0,13,2,2,26,5,0,0,0,156,24,6803,0,97,34964
502,2020,6,A3933,BILBAO - DURANGO (Autopista),13089,676,134,1633,14,1,0,0,0,279,0,0,256,2,39,0,0,42,2,0,0,7,16174
503,2020,6,A3512,BILBAO - LEKEITIO (Autopista),17294,950,186,2373,4,,,,,250,17,2,26,2,2,0,0,56,3,0,0,83,21248
504,2020,6,A3513,BILBAO - Hospital Galdakao Ospitalea - GERNIKA LUMO - EA - LEKEITIO,7951,265,18,2083,,5,,,,56,,,98,1,,0,0,20,0,0,0,11,10508
505,2020,6,A3514,BILBAO - AMOREBIETA ETXANO - GERNIKA LUMO,20869,630,97,2655,5,3,,,,377,59,0,624,16,,0,0,49,1,0,0,87,25472
506,2020,6,A3515,BILBAO - AMOREBIETA ETXANO - GERNIKA LUMO - BERMEO,35390,1167,185,6154,5,,,,,440,24,19,983,13,14,0,0,165,4,0,0,72,44635
507,2020,6,A3523,BILBAO - Hospital Galdakao Ospitalea - GERNIKA LUMO - AULESTI - LEKEITIO,4723,147,19,1311,2,,,,,38,1,,54,1,1,0,0,15,1,0,0,55,6368
508,2020,6,A3525,GERNIKA LUMO - AMOREBIETA ETXANO  - UPV/EHU,,,,,,,,,,,,,,,,0,0,0,0,0,0,0,0
574,2020,6,A3530,MUNGIA - MEÃAKA - ARRIETA,261,15,,73,,,,,,,,,2,,,0,0,0,0,,,0,351
509,2020,6,A3526,MUNGIA - GERNIKA LUMO - IBARRANGELU,5667,383,35,720,3,2,,,,52,,0,58,,,0,0,41,0,0,0,21,6982
510,2020,6,A3532,GERNIKA LUMO - NABARNIZ,78,,,11,,,,,,,,,,,,0,0,0,0,0,0,0,89
511,2020,6,A3533,GERNIKA LUMO - MENDATA,14,,,,,,,,,,,,,,,0,0,0,0,0,0,0,14
512,2020,6,A3534,GERNIKA LUMO - ERRIGOITI,28,3,,,,,,,,,,,,,,0,0,0,0,0,0,0,31
513,2020,6,A3535,LEKEITIO - AMOROTO,53,3,,19,,,,,,,,,,,,0,0,0,0,0,0,0,75
514,2020,6,A3536,LEKEITIO - MENDEXA,77,3,,42,,,,,,,,,,,,0,0,0,0,0,0,0,122
515,2020,6,A3538,LEKEITIO-Barainka,3,,,,,,,,,,,,,,,0,0,0,0,0,0,0,3
516,2020,6,A3915,BILBAO - DURANGO - ONDARROA (Autopista),19721,589,188,5169,3,,,,,340,21,10,242,10,25,0,0,54,6,0,0,73,26451
517,2020,6,A3916,BILBAO - ERMUA - ONDARROA (Autopista),13591,434,86,2306,2,7,,,,247,52,1,137,0,,0,0,72,3,0,0,19,16957
518,2020,6,A3922,MUNITIBAR ARBATZEGI GERRIKAITZ - ZIORTZA BOLIBAR - MARKINA XEMEIN - ETXEBARRIA,112,,,37,,,,,,,,,,,,0,0,0,0,0,0,0,149
519,2020,6,A2312,Zabalburu - UPV/EHU  (Juan de Garay),,,,,,,,,,,,,,,,0,0,0,0,0,0,0,0
520,2020,6,A2314,BILBAO - Erandiogoikoa - UPV/EHU,2860,52,2,202,,1,,,,121,1,1,33,26,,0,0,28,0,0,0,39,3366
521,2020,6,A2318,Termibus - UPV/EHU (Autopista),2942,43,3,9,,,,,,44,1,,66,2,,0,0,0,0,0,0,7,3117
522,2020,6,A2321,Santutxu - UPV/EHU (Autopista),,,,,,,,,,,,,,,,0,0,0,0,0,0,0,0
523,2020,6,A2324,BILBAO - UPV/EHU (Enekuri),,,,,,,,,,,,,,,,0,0,0,0,0,0,0,0
524,2020,6,A3115,BILBAO - SANTURTZI,22898,466,49,6798,16,,,,,348,54,2,637,35,24,0,0,397,40,0,0,928,32692
525,2020,6,A3122,BILBAO - SESTAO - Errepelega/Repelega,10303,306,45,2302,11,1,,,,112,3,4,130,10,10,0,0,511,13,0,0,395,14156
526,2020,6,A3129,Lutxana - Gurutzeta/Cruces - SANTURTZI,41227,1115,207,12424,47,18,,,,647,103,8,649,33,35,0,0,889,28,0,0,1423,58853
527,2020,6,A3135,SESTAO - Cabieces,19958,376,29,8144,18,11,,,,190,22,,154,7,19,0,0,575,17,0,0,807,30327
528,2020,6,A3136,BILBAO - BARAKALDO - SANTURTZI,39572,923,138,10357,30,6,,,,598,44,2,863,53,39,0,0,981,34,0,0,1467,55107
529,2020,6,A3137,BILBAO - BARAKALDO,15136,223,32,3331,14,,,,,138,,,258,20,,0,0,315,12,0,0,684,20163
530,2020,6,A3141,Gurutzeta/Cruces - Bagatza - VALLE DE TRAPAGA TRAPAGARAN,14990,359,20,5796,32,8,,,,170,48,,222,5,4,0,0,274,18,0,0,578,22524
531,2020,6,A3144,BILBAO - Gurutzeta/Cruces - BARAKALDO (Ugarte),26604,593,119,4389,9,5,,,,409,9,1,511,28,19,0,0,448,34,0,0,871,34049
532,2020,6,A3151,BILBAO - SANTURTZI  - PORTUGALETE (Autopista),11375,297,37,1117,1,,,,,83,4,4,7,,10,0,0,72,5,0,0,382,13394
533,2020,6,A3321,PORTUGALETE - ZIERBENA - La Arena - MUSKIZ,16812,619,57,4590,2,,,,,183,60,,235,56,10,0,0,234,4,0,0,219,23081
534,2020,6,A3331,SESTAO - VALLE DE TRAPAGA TRAPAGARAN,2341,26,2,1259,3,,,,,64,,,18,7,,0,0,25,0,0,0,24,3769
535,2020,6,A3332,VALLE DE TRAPAGA TRAPAGARAN - SANTURTZI,11796,191,12,3254,4,,,,,184,14,,141,43,3,0,0,185,1,0,0,250,16078
536,2020,6,A3333,Gallarta - SANTURTZI,20823,474,77,6860,2,,,,,546,44,43,318,104,6,152,0,151,18,0,0,429,30047
537,2020,6,A3335,MUSKIZ - ZIERBENA - SESTAO,10563,301,19,4024,4,1,,,,80,1,,180,2,4,0,0,230,3,0,0,297,15709
538,2020,6,A3336,BILBAO - MUSKIZ,32180,986,119,8907,18,2,,,,453,93,,540,47,39,1,0,466,18,0,0,992,44861
539,2020,6,A3338,MUSKIZ - BARAKALDO - Areeta/Las Arenas,27024,736,88,7666,8,1,,,,496,29,,720,118,17,0,0,430,8,0,0,516,37857
540,2020,6,A3339,Gurutzeta/Cruces-BARAKALDO-La Arena,4504,158,35,861,1,,,,,13,,,19,0,,0,0,181,2,0,0,155,5929
541,2020,6,A3340,BILBAO - ABANTO Y CIERVANA ABANTO ZIERBENA - MUSKIZ (Autopista),7328,291,31,1546,5,,,,,151,2,,123,80,113,0,0,50,0,0,0,428,10148
542,2020,6,A3521,BILBAO - Hospital Santa Marina Ospitalea,0,0,0,0,0,0,0,0,0,0,0,0,0,0,0,0,0,0,0,0,0,0,0
543,2020,6,A0651,BILBAO - BALMASEDA,26278,906,295,5170,22,52,,,,234,96,,716,32,12,0,0,295,2,0,0,241,34351
544,2020,6,A0652,LANESTOSA - BALMASEDA,1916,32,,394,7,,,,,6,,,1,,,105,0,43,0,0,0,68,2572
545,2020,6,A0653,TRUCIOS TURTZIOZ - ARTZENTALES,122,,,52,,,,,,,,,,,,105,0,0,0,0,0,2,281
546,2020,6,A0654,BALMASEDA - Gurutzeta/Cruces - UPV/EHU,2556,46,4,1044,1,3,,,,16,,,25,2,1,0,0,37,8,0,0,29,3772
547,2020,6,A3323,PORTUGALETE - GALDAMES,1983,50,1,700,1,,,,,6,1,,18,,,0,0,5,0,0,0,45,2810
548,2020,6,A3334,SANTURTZI - BALMASEDA,2491,52,4,652,,,,,,3,,,14,2,,0,0,10,0,0,0,65,3293
549,2020,6,A3341,BILBAO - Sodupe - Arespalditza Respaldiza,1914,22,51,658,,,,,,38,,,95,3,11,0,0,25,1,0,0,9,2827
550,2020,6,A3342,BILBAO - Sodupe - ARTZINIEGA,9656,300,55,3055,,5,,,,67,2,,198,10,43,0,0,73,2,0,0,130,13596
551,2020,6,A3343,BILBAO - Sodupe - GORDEXOLA,1720,25,5,629,,,,,,11,,,57,4,16,0,0,22,1,0,0,11,2501
552,2020,6,A2151,Areeta/Las Arenas-LARRABETZU,7064,304,20,1234,6,,,,,267,7,,150,47,1,0,0,60,1,,,57,9218
553,2020,6,A2153,BILBAO-LOIU-Lauroeta-DERIO,6270,297,10,701,8,,,,,214,2,,2227,2,,0,0,4,1,,,26,9762
554,2020,6,A2161,Bizkaia Zubia/Puente Bizkaia-UPV/EHU,5855,101,44,2023,18,,,,,70,2,1,191,2,,0,0,68,2,,,103,8480
555,2020,6,A2162,Andra Mari/Santa Maria Getxo-UPV/EHU (Algorta),,,,,,,,,,,,,,,,,,,,,,,0
556,2020,6,A2163,ERANDIO-UPV/EHU,,,,,,,,,,,,,,,,,,,,,,,0
557,2020,6,A2164,Andra Mari/Santa Maria Getxo-UPV/EHU (Fadura),,,,,,,,,,,,,,,,,,,,,,,0
558,2020,6,A2166,URIBE KOSTA - UPV/EHU,,,,,,,,,,,,,,,,,,,,,,,0
559,2020,6,A2322,BILBAO-ERANDIO-Astrabudua-UPV/EHU,4568,126,10,1001,4,,,,,74,,,225,,49,0,0,35,1,,,159,6252
560,2020,6,A3223,BILBAO-LARRABETZU(Artxandako tunelak/Tuneles Artxanda),7106,381,3,829,3,,,,,163,1,,99,64,,0,0,49,0,,,66,8764
561,2020,6,A3224,BILBAO-DERIO-Teknologia parkea/Parque Tecnologico,4478,101,12,890,,,,,,138,2,,111,14,,0,0,8,3,,,34,5791
562,2020,6,A3225,BILBAO-LAUKIZ,2502,134,2,332,2,,,,,9,33,,585,1,,0,0,26,1,,,43,3670
563,2020,6,A3247,BILBAO-Aireportua/Aeropuerto,2033,26,1,103,3,,,2,,2,,,3,,,706,0,13,0,,,62,2954
564,2020,6,A3248,Astrabudua-erandiogoikoa-SONDIKA,524,17,,174,1,,,,,2,,1,10,1,,0,0,3,0,,,15,748
565,2020,6,A3250,BILBAO-Teknologia Parkea/Parque Tecnologico (Artxandako tunelak/Tuneles Artxanda),6509,129,40,589,,,,,,224,4,,264,48,,0,0,0,0,,,15,7822
566,2020,6,A3516,BILBAO - MUNGIA (Por autopista/tik),10746,412,52,965,6,11,,,,164,4,5,294,17,11,0,0,22,1,,,35,12745
567,2020,6,A3517,BILBAO - DERIO - MUNGIA,30067,1255,267,3428,28,2,,,,651,27,,1022,100,2,0,0,75,10,,,193,37127
568,2020,6,A3518,BILBAO - MUNGIA - BAKIO (Por la autopista/tik),34814,1798,150,3611,54,21,,,,347,13,6,648,39,44,0,0,112,4,,,173,41834
569,2020,6,A3522,MUNGIA - DERIO - Cruces/Gurutzeta,6072,106,12,1065,5,,,,,84,6,1,208,5,1,0,0,33,2,,,50,7650
570,2020,6,A3524,BERMEO - BAKIO,7,,,4,,,,,,,,,,,,,,,,,,,11
571,2020,6,A3527,BILBAO - MUNGIA - BERMEO (Por la autopista/tik),20917,768,133,2562,21,11,,,,310,1,4,402,24,15,0,0,85,4,,,71,25328
572,2020,6,A3528,BERMEO - MUNGIA - DERIO - UPV/EHU,,,,,,,,,,,,,,,,,,,,,,,0
573,2020,6,A3529,MUNGIA - GAMIZ - FIKA,505,12,,40,,,,,,5,,,0,,,0,0,1,0,,,19,582
575,2020,6,A3531,SOPELANA - MUNGIA - GATIKA,6298,342,145,1558,1,1,,,,36,9,,69,3,26,0,0,72,0,,,103,8663
576,2020,6,A3537,PLENTZIA-GORLIZ-MUNGIA,4926,382,35,879,,10,,,,20,2,,112,24,13,0,0,52,2,,,54,6511
